8609,https://github.com/dsgiitr/rl_2048
8610,https://github.com/mandubian/codenets
8611,https://github.com/XinshaoAmosWang/Emphasis-Regularisation-by-Gradient-Rescaling
8612,https://github.com/ma8sa/temporal-MR-GCN
8613,https://github.com/CeLaMbDa/DenseNet_keras
8614,https://github.com/SaeedNajafi/ac-tagger
8615,https://github.com/gomerudo/nas-dmrl
8616,https://github.com/david-svitov/margindistillation
8617,https://github.com/kevin851066/Deep_Learning_for_Computer_Vision
8618,https://github.com/david-svitov/margindistillation
8619,https://github.com/011235813/cm3
8620,https://github.com/mangye16/ReID-Survey
8621,https://github.com/ckbjimmy/clneg
8622,https://github.com/AnarchoSystems/Learners
8623,https://github.com/kevin51jiang/htv-iv
8624,https://github.com/tasosnent/Biomedical-Knowledge-Integration
8625,https://github.com/YuanEric88/bert-nlu
8626,https://github.com/vishwesh5/Paper-a-day
8627,https://github.com/Kaushal28/Bengali-AI
8628,https://github.com/meijieru/AtomNAS
8629,https://github.com/benedekrozemberczki/karateclub
8630,https://github.com/Jeffrey-Ede/ALRC
8631,https://github.com/learn-ensemble/PY-SUMMA
8632,https://github.com/hojonathanho/localbitsback
8633,https://github.com/xinke-wang/Awesome-Text-VQA
8634,https://github.com/pratibhaareddy/selfdrivingcar
8635,https://github.com/benedekrozemberczki/karateclub
8636,https://github.com/benedekrozemberczki/karateclub
8637,https://github.com/wi-pi/GDPR
8638,https://github.com/benedekrozemberczki/karateclub
8639,https://github.com/suhwan-cho/CRVOS
8640,https://github.com/GeekHades1/DM-Reading-Materials
8641,https://github.com/subhayanmukherjee/deepiqa
8642,https://github.com/dariush-salami/gcn-gesture-recognition
8643,https://github.com/ggjy/P2Net.pytorch
8644,https://github.com/granne/granne
8645,https://github.com/jind11/word2vec-on-wikipedia
8646,https://github.com/adnortje/binet
8647,https://github.com/litian96/FedDANE
8648,https://github.com/seungjaeryanlee/osim-rl-helper
8649,https://github.com/pyprob/pyprob
8650,https://github.com/pyprob/pyprob
8651,https://github.com/pyprob/pyprob
8652,https://github.com/geopavlakos/ordinal-pose3d
8653,https://github.com/box-key/Subjective-Class-Issue
8654,https://github.com/Lornatang/PyTorch-CycleGAN
8655,https://github.com/microsoft/DiCE
8656,https://github.com/MSwML/ML-guided-material-synthesis
8657,https://github.com/SimonLBSoerensen/Flexible-Camera-Calibration
8658,https://github.com/DevBruce/CutMixImageDataGenerator_For_Keras
8659,https://github.com/patrick-kidger/Deep-Signature-Transforms
8660,https://github.com/lucho8908/adaptive_template_systems
8661,https://github.com/Zhiyuan1991/proVLAE
8662,https://github.com/minhtannguyen/SRSGD
8663,https://github.com/opconty/keras-shufflenetV2
8664,https://github.com/suhas1999/Flip-kart-grid-challenge
8665,https://github.com/cambriandot/papers
8666,https://github.com/icemiliang/pyvot
8667,https://github.com/sararselitsky/FastPG
8668,https://github.com/christianpayer/MedicalDataAugmentationTool-VerSe
8669,https://github.com/willard-yuan/hashing-baseline-for-image-retrieval
8670,https://github.com/majavid/AMPCGs2019
8671,https://github.com/truthless11/HRL-RE
8672,https://github.com/lifu-tu/BenchmarkingApproximateInference
8673,https://github.com/shalini1194/SAKT
8674,https://github.com/gameover27/ddff-pytorch
8675,https://github.com/why2000/DuReader-bert
8676,https://github.com/khanhptnk/bandit-nmt
8677,https://github.com/TAMU-VITA/MAD
8678,https://github.com/holstgr-kaust/keras-tutorials
8679,https://github.com/maziarraissi/NumericalGP
8680,https://github.com/aubricot/computer_vision_with_eol_images
8681,https://github.com/jwzhanggy/graph_bert_work
8682,https://github.com/tbeucler/CBRAIN-CAM
8683,https://github.com/ZJULearning/ALDA
8684,https://github.com/ZPdesu/SEAN
8685,https://github.com/ngrayluna/NotCake
8686,https://github.com/jwzhanggy/graph_bert_work
8687,https://github.com/dmis-lab/demographic-prediction
8688,https://github.com/efeatikkan/Human_Pose_Estimation
8689,https://github.com/Confusezius/Deep-Metric-Learning-Baselines
8690,https://github.com/hpanwar08/detectron2
8691,https://github.com/atulkum/pointer_summarizer
8692,https://github.com/iamgroot42/A-LINK
8693,https://github.com/Adaxry/Depth-Adaptive-GRN
8694,https://github.com/hengyicai/Adaptive_Multi-curricula_Learning_for_Dialog
8695,https://github.com/binhpht/flashlightCNN
8696,https://github.com/kartikgupta-at-anu/CullNet
8697,https://github.com/stigma0617/VoVNet-DeepLabV3
8698,https://github.com/microsoft/Semantics-Aligned-Representation-Learning-for-Person-Re-identification
8699,https://github.com/facebookresearch/fruit-tools-game
8700,https://github.com/alpiges/LinConGauss
8701,https://github.com/xiaozhanguva/Intrinsic-Rob
8702,https://github.com/ispamm/MMD-Bayesian-Neural-Network
8703,https://github.com/ShapeNet/RenderForCNN
8704,https://github.com/sakshiudeshi/Expose-Robust-Backdoors
8705,https://github.com/widedeepnetworks/widedeepnetworks
8706,https://github.com/akuxcw/GridMask
8707,https://github.com/mandt-lab/bayesian-ac
8708,https://github.com/bogus2000/zero-shot_SGAL
8709,https://github.com/tensorflow/lingvo
8710,https://github.com/umutsimsekli/sgd_first_exit_time
8711,https://github.com/Chavdarova/SVRE
8712,https://github.com/yu-lab-vt/muSSP
8713,https://github.com/fanyun-sun/vGraph
8714,https://github.com/gbernstein6/private_bayesian_regression
8715,https://github.com/gbc16/AGEM
8716,https://github.com/dbash/pix2pix_cyclegan_guess_noise
8717,https://github.com/gowerrobert/StochOpt.jl
8718,https://github.com/wangchimit/mdp_q
8719,https://github.com/guoyongcs/NAT
8720,https://github.com/holdenlee/Online_Sampling
8721,https://github.com/batmanlab/twin_ac
8722,https://github.com/glivan/tensor_networks_for_probabilistic_modeling
8723,https://github.com/AWehenkel/UMNN
8724,https://github.com/yos1up/data-dependence-of-plateau
8725,https://github.com/facebookresearch/deep-variance-reduction
8726,https://github.com/mkschleg/Resampling.jl
8727,https://github.com/yyysbysb/al_obs_neurips19
8728,https://github.com/alinadubatovka/information_propagation
8729,https://github.com/962086838/code-for-Asymmetric-Valley
8730,https://github.com/baekjin-kim/Perturbation-Methods-StochasticMAB
8731,https://github.com/yihanjiang/turboae
8732,https://github.com/rmrisforbidden/Fooling_Neural_Network-Interpretations
8733,https://github.com/HongtengXu/s-gwl
8734,https://github.com/YaChienChang/Neural-Lyapunov-Control
8735,https://github.com/nyu-mll/jiant
8736,https://github.com/CausalML/interventions-disparate-impact-responders
8737,https://github.com/anoneurips2019/SGD-learns-functions-of-increasing-complexity
8738,https://github.com/NVlabs/Dance2Music
8739,https://github.com/dragnet-org/dragnet
8740,https://github.com/xbpeng/mcp
8741,https://github.com/ZiangYan/subspace-attack.pytorch
8742,https://github.com/qianqianxu010/NeurIPS2019-iSplitLBI
8743,https://github.com/csyhhu/MetaQuant
8744,https://github.com/insilicomedicine/TRIP
8745,https://github.com/ZiweiXU/LENSR
8746,https://github.com/mmahesh/cocain-bpg-matrix-factorization
8747,https://github.com/supratikp/HOOF
8748,https://github.com/kamwoh/DeepIPR
8749,https://github.com/Xingyu-Lin/auxiliary-tasks-rl
8750,https://github.com/HazyResearch/hgcn
8751,https://github.com/shalijiang/efficient_nonmyopic_active_search
8752,https://github.com/ruqizhang/poisson-gibbs
8753,https://github.com/nicolasjulioflores/fair_algorithms_for_clustering
8754,https://github.com/facebookresearch/phyre
8755,https://github.com/ifiaposto/Mutually-Regressive-Point-Processes
8756,https://github.com/google/brain-tokyo-workshop
8757,https://github.com/WayneDW/Bayesian-Sparse-Deep-Learning
8758,https://github.com/IBM/e2r
8759,https://github.com/joshuaas/GBDSP-NeurIPS19
8760,https://github.com/jiangyangby/DM2C
8761,https://github.com/ansuini/IntrinsicDimDeep
8762,https://github.com/zpl7840/general_loss_column_subset_selection
8763,https://github.com/MichaelArbel/MMD-gradient-flow
8764,https://github.com/tagas/vcae
8765,https://github.com/stanis-morozov/prodige
8766,https://github.com/BorisMuzellec/SubspaceOT
8767,https://github.com/yanivbl6/quantized_meanfield
8768,https://github.com/AnujMahajanOxf/VIREL
8769,https://github.com/DeepGraphLearning/pLogicNet
8770,https://github.com/john-bradshaw/molecule-chef
8771,https://github.com/cambridge-mlg/cnaps
8772,https://github.com/alelab-upenn/graph-scattering-transforms
8773,https://github.com/TorchCraft/TorchCraftAI
8774,https://github.com/SaeedSharifiMa/AIF
8775,https://github.com/ibramjub/Fast-and-Accurate-Least-Mean-Squares-Solvers
8776,https://github.com/benjaminaubin/StructuredPrior_demo
8777,https://github.com/ganguli-lab/deep-retina-reduction
8778,https://github.com/jialinwu17/Self_Critical_VQA
8779,https://github.com/Hanjun-Dai/GLN
8780,https://github.com/michaelhzhu/SampleAdaptiveMCMC
8781,https://github.com/bGhorbani/Lazy-Training-Neural-Nets
8782,https://github.com/hcui01/SNAP
8783,https://github.com/woodyx218/SLOPE_AMP
8784,https://github.com/blakemas/nngraph
8785,https://github.com/xinming104/GemBag
8786,https://github.com/schroederdewitt/mackrl
8787,https://github.com/ganguli-lab/grid-pattern-formation
8788,https://github.com/microsoft/petridishnn
8789,https://github.com/shiwj16/raa-drl
8790,https://github.com/corey-snyder/STREETS
8791,https://github.com/flodinl/neurips-1bCS
8792,https://github.com/ucsdyi/PML
8793,https://github.com/jnegrea/neurips2019-5904-code
8794,https://github.com/maheshakya/dist-averaging-k-pca
8795,https://github.com/arobey1/LipSDP
8796,https://github.com/Muhammad-Osama/uncertainty_spatial_point_process
8797,https://github.com/bguedj/PAC-Bayesian-Un-Expected-Bernstein-Inequality
8798,https://github.com/devmotion/CalibrationPaper
8799,https://github.com/JannerM/mbpo
8800,https://github.com/POLane16/DIAG
8801,https://github.com/trouleau/var-hawkes
8802,https://github.com/TURuibo/Neuropathic-Pain-Diagnosis-Simulator
8803,https://github.com/sharpenb/Uncertainty-Event-Prediction
8804,https://github.com/TommasoBianchi/CFR-Jr
8805,https://github.com/HazyResearch/learning-circuits
8806,https://github.com/klicperajo/gdc
8807,https://github.com/fbsqkd/StochasticBlockModel
8808,https://github.com/yowald/elliptical-losses
8809,https://github.com/rooshenas/sg-spen
8810,https://github.com/ivclab/CPG
8811,https://github.com/IshmaelBelghazi/learning_an_exponential_amount_of_conditional_distributions
8812,https://github.com/evertes/distributional_SF
8813,https://github.com/pmichel31415/are-16-heads-really-better-than-1
8814,https://github.com/ae-foster/pyro
8815,https://github.com/revbucket/geometric-certificates
8816,https://github.com/xkianteb/ApproPO
8817,https://github.com/jkirschner42/ContextDistributions
8818,https://github.com/kaushalpaneri/ode2scm
8819,https://github.com/alpyurtsever/SHCGM
8820,https://github.com/akshaykr/oracle_cb
8821,https://github.com/GauriJagatap/invimaging-deeppriors
8822,https://github.com/melopeo/PM_SSL
8823,https://github.com/cdevin/cpv
8824,https://github.com/jdlafferty/surfing
8825,https://github.com/vsyrgkanis/policy_learning_continuous_actions
8826,https://github.com/joshr17/slc_sampling
8827,https://github.com/umenberger/robust-exploration
8828,https://github.com/ColinQiyangLi/LConvNet
8829,https://github.com/nimadehmamy/Understanding-GCN
8830,https://github.com/zth667/Approximate-Feature-Collisions-in-Neural-Nets
8831,https://github.com/kukrishna/pointer-generator-pytorch-allennlp
8832,https://github.com/villawang/Neuro-AI-Interface
8833,https://github.com/cvangysel/SERT
8834,https://github.com/tehqin/EvoStone
8835,https://github.com/burklight/convex-IB-Lagrangian-PyTorch
8836,https://github.com/dourouc05/CombinatorialBandits.jl
8837,https://github.com/microsoft/unilm/tree/master/layoutlm
8838,https://github.com/fastiqa/fastiqa
8839,https://github.com/vaikkunth/PrivacyFL
8840,https://github.com/DeadAt0m/ActiveSparseShifts-PyTorch
8841,https://github.com/dksifoua/Neural-Machine-Translation
8842,https://github.com/XSMUBC/DNC-lifelong-learning
8843,https://github.com/etetteh/sota-data-augmentation-and-optimizers
8844,https://github.com/ricolike/mmgnn_textvqa
8845,https://github.com/arctic-yen/Google_QUEST_Q-A_Labeling
8846,https://github.com/KDL-umass/saliency_maps
8847,https://github.com/ari-holtzman/degen
8848,https://github.com/ilemhadri/lassoNet
8849,https://github.com/junjieliu2910/DynamicSaprseTraining
8850,https://github.com/taivu1998/ResNet-Regularization-Pruning
8851,https://github.com/babylonhealth/multiverse
8852,https://github.com/chenyouxin113/sota-status-investigation
8853,https://github.com/timoschick/one-token-approximation
8854,https://github.com/phosseini/SentiPers
8855,https://github.com/taivu1998/ResNet-Regularization-Pruning
8856,https://github.com/taivu1998/ResNet-Regularization-Pruning
8857,https://github.com/taivu1998/ResNet-Regularization-Pruning
8858,https://github.com/JingzhaoZhang/why-clipping-accelerates
8859,https://github.com/tfmortie/setvaluedprediction
8860,https://github.com/halfak/ores-demos
8861,https://github.com/bkmi/RandLowRank
8862,https://github.com/alisiahkoohi/seismic-imaging-with-SGLD
8863,https://github.com/ppwwyyxx/moco.tensorflow
8864,https://github.com/asrafulashiq/wsad
8865,https://github.com/zgojcic/3D_multiview_reg
8866,https://github.com/sauxpa/neural_exploration
8867,https://github.com/anibali/dsnt-pose2d
8868,https://github.com/tetette/Bachelorthesis
8869,https://github.com/mike-a-yen/date-translation
8870,https://github.com/mike-a-yen/date-translation
8871,https://github.com/pecu/FinancialVision
8872,https://github.com/cdoersch/deepcontext
8873,https://github.com/atspatel/pydata_inception_v2
8874,https://github.com/aalmah/augmented_cyclegan
8875,https://github.com/la3lma/chezjulia
8876,https://github.com/289371298/RLpapersnote
8877,https://github.com/tavihalperin/Neural-Egg-Seperation
8878,https://github.com/mkavim/finetune_bert
8879,https://github.com/FrancescoCrecchi/AE_Detector
8880,https://github.com/0h-n0/tfdbonas
8881,https://github.com/gitting-guud/GML_Project
8882,https://github.com/TAMU-VITA/FAT
8883,https://github.com/bigjoedata/mytechtips
8884,https://github.com/pfnet-research/recompute
8885,https://github.com/nikhilsu/SuperPixel
8886,https://github.com/COMP6248-Reproducability-Challenge/Transfer-Learning
8887,https://github.com/MIMII-hitachi/mimii_baseline
8888,https://github.com/skumar9876/FCRL
8889,https://github.com/oceanicsdotio/bathysphere
8890,https://github.com/sgxcj777/Adversarial-testing-toolbox-with-CLEVER
8891,https://github.com/ronghanghu/snmn
8892,https://github.com/jtimonen/lgpr
8893,https://github.com/tyxr/bert
8894,https://github.com/massquantity/LibRecommender
8895,https://github.com/akwasigroch/NAS_network_morphism
8896,https://github.com/feidfoe/AdjustBnd4Imbalance
8897,https://github.com/PriyankaDatar/NLP_project_BIDAF
8898,https://github.com/snaka0213/PyTorch-AdvAttacks
8899,https://github.com/catalina17/XFlow
8900,https://github.com/blzzrd/ComputerVisionFinal
8901,https://github.com/SamuelJoutard/Permutohedral_attention_module
8902,https://github.com/supercoderhawk/deep-keyphrase
8903,https://github.com/ivclab/CPG
8904,https://github.com/madicooley/prob_mod_finalproj
8905,https://github.com/karansikka1/documentIntent_emnlp19
8906,https://github.com/LuEE-C/PPO-Keras
8907,https://github.com/bgshih/seglink
8908,https://github.com/microsoft/DialoGPT
8909,https://github.com/hoitowai/ciag
8910,https://github.com/HanxunHuangLemonBear/SCELoss-Reproduce
8911,https://github.com/arsenal9971/TUB_MoDL
8912,https://github.com/FranxYao/pivot_analysis
8913,https://github.com/gvinciguerra/PGM-index
8914,https://github.com/yxlijun/Pelee.Pytorch
8915,https://github.com/marload/TensorFlow2-GANs
8916,https://github.com/marload/TensorFlow2-GANs
8917,https://github.com/GokulKarthik/east-pytorch
8918,https://github.com/jiajunhua/MaurizioFD-RecSys2019_DeepLearning_Evaluation
8919,https://github.com/dahong67/ConvolutionalAnalysisOperatorLearning.jl
8920,https://github.com/natowi/3D-Reconstruction-with-Neural-Network
8921,https://github.com/JGU-VC/progressive_stochastic_binarization
8922,https://github.com/sebasutp/trajectory_forcasting
8923,https://github.com/cryu854/FastStyle
8924,https://github.com/google-research-datasets/paws
8925,https://github.com/davidgolub/QuestionGeneration
8926,https://github.com/google-research-datasets/paws
8927,https://github.com/lucidrains/reformer-pytorch
8928,https://github.com/lucidrains/reformer-pytorch
8929,https://github.com/cryu854/FastStyle
8930,https://github.com/TheShadow29/zsgnet-pytorch
8931,https://github.com/DaneyAlex5/Live-Face-Verification-Using-Deep-Learning
8932,https://github.com/lucidrains/reformer-pytorch
8933,https://github.com/MinfengZhu/DM-GAN
8934,https://github.com/wangyy161/DDPG_CNN_Pendulum_practice
8935,https://github.com/cryu854/FastStyle
8936,https://github.com/skyblueutd/Paper
8937,https://github.com/luke-bhan/TwitterSentimentAnalysisTool
8938,https://github.com/tensorflow/models/tree/master/research/rebar
8939,https://github.com/WayneDW/sDeepFwFM
8940,https://github.com/tensorflow/models/tree/master/research/rebar
8941,https://github.com/Irynei/SafeAugmentation
8942,https://github.com/ddghost/new_darts
8943,https://github.com/anubrata/anubrata.github.io
8944,https://github.com/KaihuaTang/Scene-Graph-Benchmark.pytorch
8945,https://github.com/xiaoyuxin1002/NLAH
8946,https://github.com/Hua-YS/AID-Multilabel-Dataset
8947,https://github.com/SKTBrain/SUMBT
8948,https://github.com/dpfried/rnng-bert
8949,https://github.com/ZTao-z/multiflow-resnet-ssd
8950,https://github.com/IssamLaradji/sps
8951,https://github.com/siriuz42/boulevard
8952,https://github.com/ricky40403/GDFQ
8953,https://github.com/KaihuaTang/Scene-Graph-Benchmark.pytorch
8954,https://github.com/vlcekl/n2n-tomo
8955,https://github.com/sooftware/Attention-Implementation
8956,https://github.com/MobileGuru1013/ubot
8957,https://github.com/jolibrain/caffe
8958,https://github.com/sooftware/Attention-Implementation
8959,https://github.com/nvnhat95/Natural-Language-Inference
8960,https://github.com/wangxianhao/Improved-YOLOv3-for-UAV
8961,https://github.com/XuyangBai/KPConv.pytorch
8962,https://github.com/garygsw/smooth-taylor
8963,https://github.com/sooftware/Attention-Implementation
8964,https://github.com/taivu1998/FlapAI-Bird
8965,https://github.com/xwu6614555/MobileNetV3-Mxnet
8966,https://github.com/anupamsingh610/bert_ner_stride
8967,https://github.com/af-ai-center/bert
8968,https://github.com/anorthman/custom
8969,https://github.com/flyliu2017/bert_modularized
8970,https://github.com/joshpc/StyledFontGAN
8971,https://github.com/obastani/model-predictive-shielding
8972,https://github.com/hqli/face_recognition
8973,https://github.com/amilkh/cs230-fer
8974,https://github.com/tanwimallick/TL-DCRNN
8975,https://github.com/alelab-upenn/graph-scattering-transforms
8976,https://github.com/tkipf/gym-gridworld
8977,https://github.com/human-analysis/intrinsic-dimensionality
8978,https://github.com/ericyi/GSPN
8979,https://github.com/chrhenning/hypercl
8980,https://github.com/0xSameer/ast
8981,https://github.com/CarpdiemLiang/style_transfer
8982,https://github.com/ari-holtzman/l2w
8983,https://github.com/LaceyChen17/lambda-opt
8984,https://github.com/thilinicooray/Bottom-up-vqa
8985,https://github.com/Ozzyz/carla-data-export
8986,https://github.com/nithyadurai87/pottan-ocr-tamil
8987,https://github.com/oj9040/GraphSAGE_RL
8988,https://github.com/abhijeetdtu/dsba6155project
8989,https://github.com/Purkialo/CrowdDet
8990,https://github.com/HLTCHKUST/Xpersona
8991,https://github.com/whj363636/Adversarial-attack-on-Person-ReID-With-Deep-Mis-Ranking
8992,https://github.com/Thehunk1206/Covid-19-chest-X-ray
8993,https://github.com/ftramer/Excessive-Invariance
8994,https://github.com/kanuore/RRPN
8995,https://github.com/prdwb/bert_hae
8996,https://github.com/goldblum/AdversariallyRobustDistillation
8997,https://github.com/saeeeeru/dtc-tensorflow
8998,https://github.com/PJamesY/category_classification-NLP-
8999,https://github.com/dilinwang820/Stein-Variational-Gradient-Descent
9000,https://github.com/Andy-TK/COMP90051_Project1
9001,https://github.com/roggirg/count-ception_mbm
9002,https://github.com/marcdemers/FIGR-8-SVG
9003,https://github.com/kilgore92/Probabalistic-U-Net
9004,https://github.com/asoroa/ukb
9005,https://github.com/ztoString/CRNN_CTC_OCR_TensorFlow
9006,https://github.com/MrGiovanni/UNetPlusPlus
9007,https://github.com/tkusmierczyk/lcvi
9008,https://github.com/zainhuda/researchpapers
9009,https://github.com/alexbmp/run-vnet-keras
9010,https://github.com/ML-KULeuven/SAR-PU
9011,https://github.com/pulp-platform/hwpe-tb
9012,https://github.com/HopLee6/RRIN
9013,https://github.com/GorkemP/LUNA16_Challange
9014,https://github.com/ysharma1126/EAD-Attack
9015,https://github.com/micheleallegra/Hidalgo
9016,https://github.com/mayorx/ycy_voice_conversion
9017,https://github.com/bhiziroglu/Conditional-Generative-Adversarial-Network
9018,https://github.com/revbucket/geometric-certificates
9019,https://github.com/Shaul1321/rnn_typology
9020,https://github.com/my89/imSitu
9021,https://github.com/racheljose21/chatbot
9022,https://github.com/shamalwinchurkar/question-classification
9023,https://github.com/gtegner/mine-pytorch
9024,https://github.com/jastfkjg/semantic-matching
9025,https://github.com/chenziku/train-procgen
9026,https://github.com/dmis-lab/bern
9027,https://github.com/domkowald/LFM1b-analyses
9028,https://github.com/shutterstock/spark-phrases
9029,https://github.com/aksw/mmoon
9030,https://github.com/icewing1996/bert_dep
9031,https://github.com/Panda0406/Reinforcement-Learning-Distant-Supervision-RE
9032,https://github.com/duburlan/npbg_eval
9033,https://github.com/insomnia94/FTMU
9034,https://github.com/hwkim94/ybigta_project
9035,https://github.com/sfujim/BCQ
9036,https://github.com/Aniket7/Transfer-Learning
9037,https://github.com/sadari1/TumorDetectionDeepLearning
9038,https://github.com/KuoTzu-yang/DeepMutation
9039,https://github.com/artiom-zayats/docqa_squad
9040,https://github.com/Causal-Inference-ZeroToAll/causality4ml
9041,https://github.com/rfuruta/pixelRL
9042,https://github.com/mayurnewase/Quora-Bert
9043,https://github.com/scikit-learn-contrib/DESlib
9044,https://github.com/PanPalitta/phase_estimation
9045,https://github.com/rezacsedu/BengFastText
9046,https://github.com/ermongroup/multiagent-gail
9047,https://github.com/brianjychan/landuse
9048,https://github.com/shreydesai/calibration
9049,https://github.com/WERimagin/baseline_CoQA
9050,https://github.com/kvrigor/algosel-rl
9051,https://github.com/pytorch/fairseq
9052,https://github.com/dingkeyan93/DISTS
9053,https://github.com/my89/co-squac
9054,https://github.com/sjYoondeltar/myRL_example
9055,https://github.com/lachisis/multiagent-particle-envs
9056,https://github.com/pengshuyuan/Bert
9057,https://github.com/ridakadri14/AspectBasedSentimentAnalysis
9058,https://github.com/CVRL/domain-specific-BSIF-for-iris-recognition
9059,https://github.com/ridakadri14/AspectBasedSentimentAnalysis
9060,https://github.com/MaZhiyuanBUAA/bert-tf1.4.0
9061,https://github.com/ibatra/nlm
9062,https://github.com/dmitrykazhdan/MARLeME
9063,https://github.com/shreydesai/calibration
9064,https://github.com/NathanDuran/BERT
9065,https://github.com/nlahlaf/Text-Style-Transfer
9066,https://github.com/rfribeiro/face_detection
9067,https://github.com/wronnyhuang/metapoison
9068,https://github.com/dgattiwsu/Res-CR-Net
9069,https://github.com/JuHyun-E/Attention_in_NN
9070,https://github.com/CRIPAC-DIG/A-PGNN
9071,https://github.com/masoudjs/simalign
9072,https://github.com/RAIVNLab/STR
9073,https://github.com/yewzijian/RPMNet
9074,https://github.com/alejandroreyesj/MeSH-Link-Prediction
9075,https://github.com/stes/torch-associative
9076,https://github.com/FranzHell/Pytorch-VariationalAutoEncoder
9077,https://github.com/nellopai/classificationModels
9078,https://github.com/ofsoundof/dhp
9079,https://github.com/LibraryOfCongress/newspaper-navigator
9080,https://github.com/SachaIZADI/Misc-Machine-Learning
9081,https://github.com/rvarun7777/FisheyeDistanceNet
9082,https://github.com/0h-n0/cdn_molecule_pytorch
9083,https://github.com/Lamarche-Perrin/greedy-graph-compression
9084,https://github.com/ssloxford/seeing-red
9085,https://github.com/ShaojieJiang/tldr
9086,https://github.com/lkhphuc/Anomaly-BiGAN
9087,https://github.com/heitorcfelix/singleshot6Dpose
9088,https://github.com/manricheon/MAMNet-Tensorflow-2
9089,https://github.com/zysite/post
9090,https://github.com/gprateek-iitk/Quora-question-pair-matching
9091,https://github.com/tboudou/neural_style_transfer
9092,https://github.com/lukasruff/Deep-SVDD
9093,https://github.com/ankitAMD/Optical-Flow_Python
9094,https://github.com/chenxi116/PNASNet.TF
9095,https://github.com/blcunlp/CNLI
9096,https://github.com/jorisguerin/SemanticViewSelection_dataset
9097,https://github.com/thilinicooray/my_imsitu
9098,https://github.com/partoftheorigin/100DaysOfMLCode
9099,https://github.com/milliondegree/semantic-segmentation-tensorflow
9100,https://github.com/weilinie/BackpropVis
9101,https://github.com/LeMinhThong/blackbox-attack
9102,https://github.com/jiajunhua/facebookresearch-MUSE
9103,https://github.com/jiajunhua/facebookresearch-MUSE
9104,https://github.com/KlugerLab/pyFIt-SNE
9105,https://github.com/xnie/rlearner
9106,https://github.com/darien-schettler/bar-cnn
9107,https://github.com/GoodDeeds/Fast-Dawid-Skene
9108,https://github.com/Belval/NRTR
9109,https://github.com/uzh-rpg/vilib
9110,https://github.com/bryanyzhu/two-stream-pytorch
9111,https://github.com/CIFASIS/splitting_gan
9112,https://github.com/stanfordnlp/treelstm
9113,https://github.com/sisl/LearnDiscreteBayesNets.jl
9114,https://github.com/leongatys/NeuralImageSynthesis
9115,https://github.com/rbgirshick/py-faster-rcnn
9116,https://github.com/facebookresearch/end-to-end-negotiator
9117,https://github.com/samsinai/VAE_protein_function
9118,https://github.com/tensorflow/tensor2tensor
9119,https://github.com/amit-sharma/splitdoor-causal-criterion
9120,https://github.com/qx0731/ensemble_forecast_methods
9121,https://github.com/MikulasZelinka/pyfiction
9122,https://github.com/pytorch/fairseq
9123,https://github.com/Leavingseason/xDeepFM
9124,https://github.com/cruvadom/Convolutional-RNN
9125,https://github.com/bogdankjastrzebski/EDTzUG-2020L
9126,https://github.com/alimpiev/embeddings_persistent_homology
9127,https://github.com/poolio/bilateral_solver
9128,https://github.com/Ping-C/certifiedpatchdefense
9129,https://github.com/CIFASIS/splitting_gan
9130,https://github.com/j-zarka/SparseScatNet
9131,https://github.com/kalyo-zjl/APD
9132,https://github.com/ayusefi/Localization-Papers
9133,https://github.com/deep-spin/lp-sparsemap
9134,https://github.com/SeniorDev009/ONNX-project
9135,https://github.com/ryandgoldenberg1/svrg_project
9136,https://github.com/aubricot/computer_vision_with_eol_images
9137,https://github.com/asneha213/spiking-agent-RL
9138,https://github.com/bharat-b7/MultiGarmentNetwork
9139,https://github.com/joneswack/brats-pretraining
9140,https://github.com/inspire-group/privacy-vs-robustness
9141,https://github.com/hsakas/Recurrent-Entity-Network-EntNet
9142,https://github.com/MilesCranmer/public_CMD_normalizing_flow
9143,https://github.com/nantiamak/sql4ml
9144,https://github.com/mlpack/ensmallen
9145,https://github.com/lululxvi/deepxde
9146,https://github.com/tansey/functionalmf
9147,https://github.com/yzhouas/RepGAN-tensorflow
9148,https://github.com/jvmancuso/safe-grid-agents
9149,https://github.com/Kaushal28/Bengali-AI
9150,https://github.com/facebookresearch/kbc
9151,https://github.com/omallo/kaggle-hpa
9152,https://github.com/Isnot2bad/Micro-Net
9153,https://github.com/Chung-I/Douban-Sentiment-Analysis
9154,https://github.com/chihyanghsu0805/object_detection_yolo
9155,https://github.com/zhirongw/lemniscate.pytorch
9156,https://github.com/santhisenan/car-detection-using-yolov2
9157,https://github.com/rickyHong/GANTTS-update-repl
9158,https://github.com/NeuroCompLab-psu/SNN-Conversion
9159,https://github.com/NVIDIA/retinanet-examples
9160,https://github.com/shrimai/Topological-Sort-for-Sentence-Ordering
9161,https://github.com/tensorflow/models
9162,https://github.com/facebookresearch/low-shot-shrink-hallucinate
9163,https://github.com/catalyst-team/gan
9164,https://github.com/microsoft/unilm/tree/master/layoutlm
9165,https://github.com/GilesStrong/SuperTML_HiggsML_Test
9166,https://github.com/Stanford-ILIAD/DPP-Batch-Active-Learning
9167,https://github.com/mshunshin/SegNetCMR
9168,https://github.com/kuhnkeF/ABAW2020TNT
9169,https://github.com/adversarial-scan/MarkovNetwork_2
9170,https://github.com/cflamant/neural-stack
9171,https://github.com/davidsvaughn/dts-tf
9172,https://github.com/cuhklinlab/elasticC3
9173,https://github.com/pytorch/fairseq
9174,https://github.com/jinxmirror13/bilbo-bagging-hybrid
9175,https://github.com/microsoft/DiCE
9176,https://github.com/coco66/ttenv
9177,https://github.com/facebookresearch/fjd
9178,https://github.com/cambridge-mlg/cnaps
9179,https://github.com/zguo235/bayesian_retro
9180,https://github.com/villawang/Neuro-AI-Interface
9181,https://github.com/tensorflow/quantum
9182,https://github.com/ZTao-z/multiflow-resnet-ssd
9183,https://github.com/rajarshd/ChainsofReasoning
9184,https://github.com/Mohammad-Rahmdel/WassersteinGAN-Tensorflow-
9185,https://github.com/yl-1993/learn-to-cluster
9186,https://github.com/Matthias2193/APA
9187,https://github.com/NVIDIA/retinanet-examples
9188,https://github.com/lweitkamp/option-critic-pytorch
9189,https://github.com/yl-1993/learn-to-cluster
9190,https://github.com/chenyouxin113/sota-status-investigation
9191,https://github.com/jettify/pytorch-optimizer
9192,https://github.com/tensorflow/magenta/tree/master/magenta/models/svg_vae
9193,https://github.com/yclavinas/MOEADr
9194,https://github.com/chanshing/xnes
9195,https://github.com/n-waves/multifit
9196,https://github.com/Shikib/structured_fusion_networks
9197,https://github.com/facebookresearch/habitat-api/tree/master/habitat_baselines/rl/ddppo
9198,https://github.com/Jeff860530/ADDA
9199,https://github.com/adeboissiere/FUSION-human-action-recognition
9200,https://github.com/jettify/pytorch-optimizer
9201,https://github.com/SBU-BMI/quip_cancer_segmentation
9202,https://github.com/jjfeng/aACP
9203,https://github.com/DSE-MSU/DeepRobust
9204,https://github.com/jettify/pytorch-optimizer
9205,https://github.com/FengyangZhang/caffe_roomnet
9206,https://github.com/pariajm/joint-disfluency-detector-and-parser
9207,https://github.com/adeboissiere/FUSION-human-action-recognition
9208,https://github.com/bhoov/ngd-vis
9209,https://github.com/mzboito/mmboshi
9210,https://github.com/gmh14/IRLAS
9211,https://github.com/ndalsanto/PDE-DNN
9212,https://github.com/pytorch/fairseq
9213,https://github.com/bharatsau/Darknet2
9214,https://github.com/swxhss/densenet_tensorflow
9215,https://github.com/catwang42/standford_NLU_project-
9216,https://github.com/clips/gsoc2019_bias
9217,https://github.com/awai54st/LUTNet
9218,https://github.com/iralabdisco/point_clouds_registration_benchmark
9219,https://github.com/Valentin4869/MachineLearning
9220,https://github.com/Abzinger/Chicharro_PID
9221,https://github.com/nmrksic/counter-fitting
9222,https://github.com/gan3sh500/dropblock
9223,https://github.com/olzhaskabdolov/Feature-visualization
9224,https://github.com/Georgetown-IR-Lab/cedr
9225,https://github.com/chizhu/BDC2019
9226,https://github.com/nkarisan/Covid19_Research
9227,https://github.com/pytorch/fairseq
9228,https://github.com/miladce/Bayesian-network-learning
9229,https://github.com/davide-belli/generative-graph-transformer
9230,https://github.com/justinlovelace/explainable-mimic-predictions
9231,https://github.com/leemathew1998/GradientWeight
9232,https://github.com/chrisleunglokhin/Capstone-BERT
9233,https://github.com/google-research/google-research/tree/master/ieg
9234,https://github.com/fra31/auto-attack
9235,https://github.com/pytorch/fairseq
9236,https://github.com/pytorch/fairseq
9237,https://github.com/saurabhdash/GCN_Partitioning
9238,https://github.com/nlpyang/PreSumm
9239,https://github.com/google-research/google-research/tree/master/tcc
9240,https://github.com/shunk031/LSUV.pytorch
9241,https://github.com/AntreasAntoniou/DAGAN
9242,https://github.com/gurkirt/AMTNet
9243,https://github.com/gurkirt/AMTNet
9244,https://github.com/gurkirt/AMTNet
9245,https://github.com/wmkouw/ctrl-iwxval
9246,https://github.com/bhneo/decorrelated_bn
9247,https://github.com/cswin/RLPA
9248,https://github.com/S-aiueo32/contextual_loss_pytorch
9249,https://github.com/bbeatrix/introvae
9250,https://github.com/ajgallego/dann
9251,https://github.com/snap-stanford/GraphRNN
9252,https://github.com/tnolle/binet
9253,https://github.com/seungjunlee96/DeepLearning-for-Medical-Imaging
9254,https://github.com/dmbernaal/Daedalus
9255,https://github.com/mandalinadagi/Comp541-DeepLearning
9256,https://github.com/congyingxia/Multi-Grained-NER
9257,https://github.com/GPflow/GPflow
9258,https://github.com/thibaultwillmann/CheXNet-Pytorch
9259,https://github.com/google-research/bert
9260,https://github.com/prasoonkottarathil/Twin-Delayed-DDPG-TD3-
9261,https://github.com/kasaai/explain-ml-pricing
9262,https://github.com/TIBHannover/cross-modal_entity_consistency
9263,https://github.com/sunahhlee/TopHCS
9264,https://github.com/nathanin/IIC
9265,https://github.com/VisiumCH/AMLD2020-Dirty-Gancing
9266,https://github.com/minghanz/DepthC3D
9267,https://github.com/microsoft/blackbox-smoothing
9268,https://github.com/dougsm/egad
9269,https://github.com/yanx27/PointASNL
9270,https://github.com/becauseofAI/DetNet-Keras
9271,https://github.com/hinanmu/multi-label-papers
9272,https://github.com/gingsmith/cocoa
9273,https://github.com/pytorch/fairseq
9274,https://github.com/3springs/np_vs_kriging
9275,https://github.com/TomVeniat/SANAS
9276,https://github.com/uber/causalml
9277,https://github.com/3springs/np_vs_kriging
9278,https://github.com/scikit-learn-contrib/metric-learn
9279,https://github.com/Sharpiless/yolov3-vehicle-detection-paddle
9280,https://github.com/Lornatang/PyTorch-yolov3
9281,https://github.com/yuedongP/BanditSum
9282,https://github.com/usnistgov/image-classification-resnet50
9283,https://github.com/olivesgatech/CURE-TSR
9284,https://github.com/olivesgatech/CURE-TSR
9285,https://github.com/olivesgatech/CURE-TSR
9286,https://github.com/3springs/np_vs_kriging
9287,https://github.com/pytorch/fairseq
9288,https://github.com/yaohungt/Capsules-Inverted-Attention-Routing
9289,https://github.com/MasaKat0/OPE_CS
9290,https://github.com/p-lambda/gradual_domain_adaptation
9291,https://github.com/yuanyuanli85/Fast_Human_Pose_Estimation_Pytorch
9292,https://github.com/DuaneNielsen/rnd
9293,https://github.com/pytorch/fairseq
9294,https://github.com/blakemas/nngraph
9295,https://github.com/NVlabs/Dance2Music
9296,https://github.com/WayneDW/Bayesian-Sparse-Deep-Learning
9297,https://github.com/google/brain-tokyo-workshop
9298,https://github.com/google/brain-tokyo-workshop
9299,https://github.com/Brainkite/Sketch_Augmented
9300,https://github.com/Qengineering/TensorFlow_Lite_RPi_64-bits
9301,https://github.com/Brainkite/Sketch_Augmented
9302,https://github.com/SgfdDttt/sara
9303,https://github.com/ChengSashankh/trying-GAT
9304,https://github.com/alexluedtke12/amc-meta-learning-of-optimal-prediction-procedures
9305,https://github.com/JunMa11/MedJournal-OpenSourcePapers
9306,https://github.com/StanfordVL/roboturk_real_dataset
9307,https://github.com/fatemehazimi990/Pytorch-VideoFlow
9308,https://github.com/AimoreRRD/AIMORE_GAME
9309,https://github.com/ngmarchant/dblink-experiments
9310,https://github.com/Kao1126/edgetpu-TransferLearning
9311,https://github.com/SaeedSharifiMa/FairDP
9312,https://github.com/gknilsen/pyhessian
9313,https://github.com/Brainkite/Sketch_Augmented
9314,https://github.com/LTS4/universal
9315,https://github.com/alextanhongpin/affinity-analysis
9316,https://github.com/STVIR/Grid-R-CNN
9317,https://github.com/threelittlemonkeys/cnn-text-classification-pytorch
9318,https://github.com/MingzhenY/Projects
9319,https://github.com/huicongzhang/FLOW
9320,https://github.com/karta282950/bert-multiclass
9321,https://github.com/jaydeepthik/kaggle-facial-expression-recognition
9322,https://github.com/as36438/WordNet-feelings
9323,https://github.com/Guillemdb/fragile
9324,https://github.com/sadda/ROOT-Benchmark
9325,https://github.com/haje01/distper
9326,https://github.com/chongyangtao/IOI
9327,https://github.com/shanzhenren/PLE
9328,https://github.com/ku2482/fqf-iqn-qrdqn.pytorch
9329,https://github.com/aikanor/marvin
9330,https://github.com/ku2482/fqf-iqn-qrdqn.pytorch
9331,https://github.com/ku2482/fqf-iqn-qrdqn.pytorch
9332,https://github.com/chenhongge/StateAdvDRL
9333,https://github.com/AdelaideAuto-IDLab/ID-Sensor
9334,https://github.com/bhneo/DecorrelatedBN_tf
9335,https://github.com/AminJun/BreakingCertifiableDefenses
9336,https://github.com/anguyen8/sam
9337,https://github.com/black0017/MedicalZooPytorch/blob/master/src/medzoo/ResNet3D_VAE.py
9338,https://github.com/artemyk/redundancy
9339,https://github.com/pochoi/LAHMC.jl
9340,https://github.com/sjYoondeltar/IQN_example
9341,https://github.com/pascal20100/factored_output_layer
9342,https://github.com/canlinzhang/IJCNN-2019-paper
9343,https://github.com/ku2482/fqf-iqn-qrdqn.pytorch
9344,https://github.com/hjwdzh/AdversarialTexture
9345,https://github.com/hlzhu09/Hierarchical-Human-Parsing
9346,https://github.com/resibots/kaushik_2020_famle
9347,https://github.com/zhenguonie/TopologyGAN
9348,https://github.com/jhejna/hierarchical_morphology_transfer
9349,https://github.com/pvardanis/LevNet
9350,https://github.com/neilfei/MLMT-FSL
9351,https://github.com/lianghongzhuo/MultimodalPouring
9352,https://github.com/aikanor/marvin
9353,https://github.com/luanyunteng/pytorch-be-your-own-teacher
9354,https://github.com/akshaysubr/TEGAN
9355,https://github.com/akshaysubr/TEGAN
9356,https://github.com/akshaysubr/TEGAN
9357,https://github.com/akshaysubr/TEGAN
9358,https://github.com/bkong999/COVNet
9359,https://github.com/pizzaonline/Knowledge-Graph
9360,https://github.com/nwams/ClinicalBERT-Deep-Learning--Predicting-Hospital-Readmission-Using-Transformer
9361,https://github.com/adventure2165/Summarization_self-training_with_noisy_student_improves_imagenet_classification
9362,https://github.com/MathewStylianidis/TiFGAN-tensorflow2
9363,https://github.com/etetteh/sota-data-augmentation-and-optimizers
9364,https://github.com/NavVisResearch/NavVis-Indoor-Dataset
9365,https://github.com/benedekrozemberczki/karateclub
9366,https://github.com/catalyst-team/gan
9367,https://github.com/openai/universe-starter-agent
9368,https://github.com/weiyithu/OptimizeMVS
9369,https://github.com/CLUEbenchmark/CLUECorpus2020
9370,https://github.com/caiyuanhao1998/RSN
9371,https://github.com/rezazad68/fewshot-segmentation
9372,https://github.com/inon-peled/qtip_code_pub
9373,https://github.com/RuoyiDu/PMG-Progressive-Multi-Granularity-Training
9374,https://github.com/tfzhou/C-HOI
9375,https://github.com/AmbitionXiang/TEDL
9376,https://github.com/lipiji/Guyu
9377,https://github.com/uvm-neurobotics-lab/ANML
9378,https://github.com/NVIDIA/retinanet-examples
9379,https://github.com/Legend94rz/spatial-transformer
9380,https://github.com/princetonvisualai/vibe-tool
9381,https://github.com/HeyingGithub/Baseline-project-for-MEGC2020_spotting
9382,https://github.com/zeka-io/selfi-to-anime
9383,https://github.com/ykrmm/TREMBA
9384,https://github.com/HongtengXu/s-gwl
9385,https://github.com/vision4robotics/KAOT-tracker
9386,https://github.com/google/XNNPACK
9387,https://github.com/Manuscrit/Area-Under-the-Margin-Ranking
9388,https://github.com/PrekshaNema25/RefNet-QG
9389,https://github.com/thilinicooray/Bottom-up-vqa
9390,https://github.com/LunaBlack/KGAT-pytorch
9391,https://github.com/hmdolatabadi/LRS_NF
9392,https://github.com/sarthaksharma13/Earth-ain-t-Flat_IROS18
9393,https://github.com/JetsGame/gLund
9394,https://github.com/DonsetPG/fenics-DRL
9395,https://github.com/cmhungsteve/SSTDA
9396,https://github.com/gomerudo/nas-dmrl
9397,https://github.com/BorealisAI/mma_training
9398,https://github.com/habibullah-araphat/BERT-NER-TPU
9399,https://github.com/david-svitov/margindistillation
9400,https://github.com/c-bata/goptuna
9401,https://github.com/hongxin001/JoCoR
9402,https://github.com/VisDrone/DroneVehicle
9403,https://github.com/julianser/Ubuntu-Multiresolution-Tools
9404,https://github.com/yl-1993/learn-to-cluster
9405,https://github.com/jacobkrantz/VertMetric
9406,https://github.com/Dichoto/LGL-INR
9407,https://github.com/mevalle/r-DEP-Classifier
9408,https://github.com/kasaai/bnn-claims
9409,https://github.com/wh0330/CAG_VisDial
9410,https://github.com/lliuz/ARFlow
9411,https://github.com/cambridgeltl/panlex-bli
9412,https://github.com/maximecb/gym-minigrid
9413,https://github.com/wanrongz/PAPRIKA
9414,https://github.com/a414351664/Bert_MRC
9415,https://github.com/evgps/a3c_trading
9416,https://github.com/mahmoudnafifi/Exposure_Correction
9417,https://github.com/seongmin-kye/MCT_DFMN
9418,https://github.com/oxwhirl/opiq
9419,https://github.com/navganti/SIVO
9420,https://github.com/navganti/SIVO
9421,https://github.com/zhengwang100/RSDNE-python
9422,https://github.com/generalized-random-forests/grf
9423,https://github.com/nikvaessen/Rethinking-Binarized-Neural-Network-Optimization
9424,https://github.com/Bunseki2/DeepL
9425,https://github.com/lukewenMX/RCNN_simple_detection
9426,https://github.com/diegogranziol/Gadam
9427,https://github.com/usmanali414/Destruction-Detection-in-Satellite-Imagery
9428,https://github.com/vcg-uvic/image-matching-benchmark
9429,https://github.com/ykrmm/TREMBA
9430,https://github.com/gomerudo/nas-dmrl
9431,https://github.com/rajat641/CSE-472-Causality-Study
9432,https://github.com/gomerudo/nas-dmrl
9433,https://github.com/anita-hu/TF2-RL
9434,https://github.com/radoslawkrolikowski/financial-market-data-analysis
9435,https://github.com/SWKoreaBME/paper_review
9436,https://github.com/jjeamin/PhotoSketch_Pytorch
9437,https://github.com/stephanegaiffas/AMF
9438,https://github.com/faridSam/srn
9439,https://github.com/anita-hu/TF2-RL
9440,https://github.com/amitesh863/nbeats_forecast
9441,https://github.com/nimadehmamy/Understanding-GCN
9442,https://github.com/kgu3/FLNet_AAAI2020
9443,https://github.com/VaclavMacha/ClassificationOnTop_new.jl
9444,https://github.com/xhp-hust-2018-2011/S-DCNet
9445,https://github.com/ankurtaly/Integrated-Gradients
9446,https://github.com/feidfoe/AdjustBnd4Imbalance
9447,https://github.com/scientific-computing/FKB
9448,https://github.com/lmzintgraf/cavia
9449,https://github.com/amzoyang/CS-221-Final-Project
9450,https://github.com/tensorflow/models/tree/master/research/brain_coder
9451,https://github.com/ankitf/artifact_reduction_jpeg
9452,https://github.com/ashutoshkumar19/Self_Driving_Car
9453,https://github.com/entitize/fakeddit
9454,https://github.com/kamkyu94/BitNet
9455,https://github.com/gomerudo/nas-dmrl
9456,https://github.com/YuYin1/JASRNet
9457,https://github.com/fubel/stmodeling
9458,https://github.com/011235813/hierarchical-marl
9459,https://github.com/lyqun/FPConv
9460,https://github.com/greyhypotheses/dermatology
9461,https://github.com/acohan/long-summarization
9462,https://github.com/parton-quark/parton-quark.github.io
9463,https://github.com/ashukid/Conditional-GAN-pytorch
9464,https://github.com/wangyu-/mlsys20_workshop
9465,https://github.com/liushuchun/EAST.pytorch
9466,https://github.com/EpistasisLab/interpret_ehr
9467,https://github.com/nvtienanh/NER
9468,https://github.com/miwieg/lrec2018
9469,https://github.com/BethanyL/damaged_cnns
9470,https://github.com/peteryuX/pcdarts-tf2
9471,https://github.com/snipsco/ntm-lasagne
9472,https://github.com/asprenger/keras_acgan
9473,https://github.com/MahmoudHigazy/Neural-Style-Transfer
9474,https://github.com/matthew-hirn/ScatNet-QM-2D
9475,https://github.com/estherrolf/p-es
9476,https://github.com/UnofficialJuliaMirror/GaussianProcesses.jl-891a1506-143c-57d2-908e-e1f8e92e6de9
9477,https://github.com/ssharoff/robust
9478,https://github.com/VLOGroup/bp-layers
9479,https://github.com/njusthyk1972/NLH
9480,https://github.com/suhitd1729/Action-cameras-evaluating-image-quality-and-suitability-for-machine-learning
9481,https://github.com/pxq0312/ASD-crowd-counting
9482,https://github.com/yz93/Learn-to-Interpret-Atari-Agents
9483,https://github.com/BPYap/IMT-Style-Transfer
9484,https://github.com/3huo/3DV-Action
9485,https://github.com/deepakks1995/DeepHashing
9486,https://github.com/aim-uofa/AdelaiDet
9487,https://github.com/Stick-To/WideResNet-TF
9488,https://github.com/k0pch4/big-little-net
9489,https://github.com/weinman/cnn_lstm_ctc_ocr
9490,https://github.com/tensorflow/models/tree/master/research/neural_gpu
9491,https://github.com/kaniblu/hanja-sisg
9492,https://github.com/gtegner/mine-pytorch
9493,https://github.com/data61/PSL
9494,https://github.com/TimKettenacker/puffin
9495,https://github.com/paschalidoud/hierarchical_primitives
9496,https://github.com/sandialabs/bcnn
9497,https://github.com/Rearcher/ICME2019_Short_Video_Understanding_Challenge_Rank14
9498,https://github.com/jassiay/EveOptimizer
9499,https://github.com/pytorch/fairseq
9500,https://github.com/aim-uofa/AdelaiDet
9501,https://github.com/Nealcly/MuTual
9502,https://github.com/tomekkorbak/treehopper
9503,https://github.com/tensorflow/tensor2tensor
9504,https://github.com/charlesjin/adversarial_regularization
9505,https://github.com/gramuah/ccnn
9506,https://github.com/pushkarmishra/AuthorProfilingAbuseDetection
9507,https://github.com/levenberg/2D-3D-pose-tracking
9508,https://github.com/mohsenkheirandishfard/IS4
9509,https://github.com/szq0214/Rethinking-Image-Mixture-for-Unsupervised-Learning
9510,https://github.com/Mleader2/text_scalpel
9511,https://github.com/etetteh/sota-data-augmentation-and-optimizers
9512,https://github.com/szq0214/Rethinking-Image-Mixture-for-Unsupervised-Learning
9513,https://github.com/gjy3035/Awesome-Crowd-Counting
9514,https://github.com/pxq0312/ASD-crowd-counting
9515,https://github.com/monk1337/MAGnet
9516,https://github.com/surafelml/Afro-NMT
9517,https://github.com/GeorgeChenZJ/deepcount
9518,https://github.com/kenziyuliu/ms-g3d
9519,https://github.com/vaesl/IP-Net
9520,https://github.com/human-analysis/MUXConv
9521,https://github.com/thepanacealab/SMMT
9522,https://github.com/dectrfov/Y-net
9523,https://github.com/maxemerling/COVID_CT
9524,https://github.com/facebookresearch/Adversarial-Continual-Learning
9525,https://github.com/mangye16/ReID-Survey
9526,https://github.com/jettify/pytorch-optimizer
9527,https://github.com/monaen/LightFieldReconstruction
9528,https://github.com/plai-group/pyprob
9529,https://github.com/taoyang1122/MutualNet
9530,https://github.com/jinze1994/ATRank
9531,https://github.com/tomsercu/lstm
9532,https://github.com/cvangysel/SERT
9533,https://github.com/caiyuanhao1998/RSN
9534,https://github.com/HazyResearch/flyingsquid
9535,https://github.com/heitzjon/mt-join-query-optimization-with-drl
9536,https://github.com/roccojhu/neural_regression_discontinuity
9537,https://github.com/Andrew-Qibin/SPNet
9538,https://github.com/mollerhoj/Danish-ULMFiT
9539,https://github.com/minar09/MultiGarmentNetworkPython3
9540,https://github.com/Maclory/SPSR
9541,https://github.com/scanner-research/rekall
9542,https://github.com/Maclory/Deep-Iterative-Collaboration
9543,https://github.com/daerduoCarey/pt2pc
9544,https://github.com/nhanvu39/ArcFace
9545,https://github.com/pmichel31415/are-16-heads-really-better-than-1
9546,https://github.com/DeepGraphLearning/pLogicNet
9547,https://github.com/VaclavMacha/ClassificationOnTop
9548,https://github.com/google/XNNPACK
9549,https://github.com/jzhzhang/FusionAwareConv
9550,https://github.com/lucasmaystre/kickscore-kdd19
9551,https://github.com/ChrisWu1997/PQ-NET
9552,https://github.com/zonetrooper32/VDCNN
9553,https://github.com/rczhen/Movement-Classification-based-on-Electroencephalography-EEG-Signals
9554,https://github.com/goyalyash1224/Nuclei-detection-and-segmentaion
9555,https://github.com/Helsinki-NLP/shared-info
9556,https://github.com/pytorch/fairseq
9557,https://github.com/rdspring1/PyTorch_GBW_LM
9558,https://github.com/frankhan91/DeepBSDE
9559,https://github.com/Z-T-WANG/DeepReinforcementLearningControlOfQuantumCartpoles
9560,https://github.com/vasukumar92/Autonomous-driving---Car-detection
9561,https://github.com/benedekrozemberczki/karateclub
9562,https://github.com/z-bingo/Recurrent-Fully-Convolutional-Networks
9563,https://github.com/brightmart/bert_customized
9564,https://github.com/facebookresearch/UnsupervisedDecomposition
9565,https://github.com/mnecipkurt/pami20
9566,https://github.com/mollerhoj/Scandinavian-ULMFiT
9567,https://github.com/Suhee05/Text-Independent-Speaker-Verification
9568,https://github.com/kgl-prml/Contrastive-Adaptation-Network-for-Unsupervised-Domain-Adaptation
9569,https://github.com/1adrianb/2D-and-3D-face-alignment
9570,https://github.com/zw-s-github/MUDE
9571,https://github.com/1adrianb/face-alignment-training
9572,https://github.com/1044197988/TF.Keras-Commonly-used-models
9573,https://github.com/1490581824/PyramidNet-Keras
9574,https://github.com/maxpark/MachinLearning
9575,https://github.com/facebookresearch/low-shot-shrink-hallucinate
9576,https://github.com/jiangyuang/ModelPruningLibrary
9577,https://github.com/pizzaonline/Knowledge-Graph
9578,https://github.com/natowi/3D-Reconstruction-with-Neural-Network
9579,https://github.com/axnedergaard/normalized-advantage-functions
9580,https://github.com/ritchie46/lsh-rs
9581,https://github.com/antonisa/lang2vec
9582,https://github.com/Unity-Technologies/ml-agents
9583,https://github.com/isarandi/metro-pose3d
9584,https://github.com/harvardnlp/decomp-attn
9585,https://github.com/jjgo/shrinkbench
9586,https://github.com/facebookresearch/adaptive-span
9587,https://github.com/stes/drk.ki-macht-schule
9588,https://github.com/lixiaolei1982/DenseNet-base-Mask-RCNN-for-Human-Pose-Estimation
9589,https://github.com/jettify/pytorch-optimizer
9590,https://github.com/xinyadu/nqg
9591,https://github.com/HAHA-DL/MLDG
9592,https://github.com/yairf11/MUPPET
9593,https://github.com/ppwwyyxx/FRN-on-common-ImageNet-baseline
9594,https://github.com/ryanaleksander/kernel-convolution
9595,https://github.com/google/XNNPACK
9596,https://github.com/garygsw/smooth-taylor
9597,https://github.com/facebookresearch/alebo
9598,https://github.com/matanr/MLography
9599,https://github.com/ZTao-z/multiflow-resnet-ssd
9600,https://github.com/ray-project/ray
9601,https://github.com/samleoqh/MSCG-Net
9602,https://github.com/guangmingw/DOPlearning
9603,https://github.com/lpeska/UMAP2020
9604,https://github.com/denismr/PUandOCQ
9605,https://github.com/chihyanghsu0805/object_detection_yolo
9606,https://github.com/xiaojianhai/aspect_sentiment
9607,https://github.com/chrisleunglokhin/Capstone-BERT
9608,https://github.com/kurodenjiro/bert-extractive-summarizer-vietnamese
9609,https://github.com/amaiya/ktrain
9610,https://github.com/AndriyMulyar/multitasking_transformers
9611,https://github.com/m-romanenko/cycliclr
9612,https://github.com/mahmoudnafifi/Image_recoloring
9613,https://github.com/mahmoudnafifi/WB_color_augmenter
9614,https://github.com/williamleif/GraphSAGE
9615,https://github.com/facebookresearch/adaptive-span
9616,https://github.com/haebeom-lee/l2b
9617,https://github.com/gianluca-pepe/semi-adversarial-network
9618,https://github.com/tensorflow/models/tree/master/research/rebar
9619,https://github.com/haebeom-lee/l2b
9620,https://github.com/torchgan/model-zoo
9621,https://github.com/haichaoyu/any-precision-nets
9622,https://github.com/etetteh/sota-data-augmentation-and-optimizers
9623,https://github.com/antoniotre86/IERCT
9624,https://github.com/xuannianz/FSAF
9625,https://github.com/gingsmith/cocoa
9626,https://github.com/Andrea-V/MusAE
9627,https://github.com/kymatio/phaseharmonics
9628,https://github.com/ewsheng/nlg-bias
9629,https://github.com/fwang91/residual-attention-network
9630,https://github.com/devbas/ovassistant-alpha
9631,https://github.com/VowpalWabbit/neurips2019
9632,https://github.com/sumanbanerjee1/Code-Mixed-Dialog
9633,https://github.com/ctralie/SlidingWindowVideoTDA
9634,https://github.com/hjc18/language_modeling_lstm
9635,https://github.com/miniii222/Graduate-Paper
9636,https://github.com/mf1832146/tree-transformer
9637,https://github.com/fanq15/FSOD-code
9638,https://github.com/arobey1/LipSDP
9639,https://github.com/kwea123/CasMVSNet_pl
9640,https://github.com/kwea123/CasMVSNet_pl
9641,https://github.com/sahapriyabrata/MagNet
9642,https://github.com/TheInfamousWayne/ddpg
9643,https://github.com/bruno-31/groupsc
9644,https://github.com/DrWaleedAYousef/My-Stuff-To-Share
9645,https://github.com/fdu-wuyuan/Siren
9646,https://github.com/luomingshuang/GE2E-SV-TI-Voxceleb-LMS
9647,https://github.com/UnofficialJuliaMirror/Bijectors.jl-76274a88-744f-5084-9051-94815aaf08c4
9648,https://github.com/sara-kassani/ICIAR_Transfer_Learning_Global_Average_Pooling
9649,https://github.com/juliakreutzer/joeynmt
9650,https://github.com/uchidalab/softmaxgradient-lrp
9651,https://github.com/ykrmm/TREMBA
9652,https://github.com/machenslab/dPCA
9653,https://github.com/shendu-sw/statistical-loss
9654,https://github.com/jacquesboitreaud/DeepFRED
9655,https://github.com/junipertcy/bipartiteSBM
9656,https://github.com/SamuelGuilluy/Bayesian_ML_SWAG
9657,https://github.com/markusdutschke/yahtzee
9658,https://github.com/jongcye/CollaGAN_MRI
9659,https://github.com/smallsunsun1/custom_ops
9660,https://github.com/mgulcin/DL_Rec
9661,https://github.com/depture/synthesio-vision
9662,https://github.com/emorynlp/personality-detection
9663,https://github.com/LongguangWang/SOF-VSR-Super-Resolving-Optical-Flow-for-Video-Super-Resolution-
9664,https://github.com/a2198699s/AI-Line-Follower
9665,https://github.com/tomekkorbak/treehopper
9666,https://github.com/amirhb29/StyleGAN2_Style-Mixing
9667,https://github.com/facebookresearch/mmf
9668,https://github.com/jacobdeasy/flexible-ehr
9669,https://github.com/google-research-datasets/tydiqa
9670,https://github.com/joytianya/google_bert
9671,https://github.com/seolhokim/ACER-pytorch
9672,https://github.com/wangtianyiftd/dialogue_pretrain
9673,https://github.com/zsef123/PGGAN-Pytorch
9674,https://github.com/kmike/pymorphy2
9675,https://github.com/facebookresearch/mmf
9676,https://github.com/google-research/bert
9677,https://github.com/facebookresearch/mmf
9678,https://github.com/dLutscher/MixMatch-TransferLearning
9679,https://github.com/facebookresearch/mmf
9680,https://github.com/ctuning/ck-analytics
9681,https://github.com/Noahs-ARK/SPIGOT
9682,https://github.com/yihui-he/epipolar-transformers
9683,https://github.com/saeed-anwar/PLCNN
9684,https://github.com/sf-18/politicalsynthesis
9685,https://github.com/xiangzhang1015/OATM
9686,https://github.com/bzhangGo/rmsnorm
9687,https://github.com/xingjunm/dimensionality-driven-learning
9688,https://github.com/WongKinYiu/PartialResidualNetworks
9689,https://github.com/dcmoyer/inv-rep
9690,https://github.com/ernestojimenezruiz/logmap-matcher
9691,https://github.com/stepjam/PyRep
9692,https://github.com/castorini/meanmax
9693,https://github.com/MaaniGhaffari/c-sensor-registration
9694,https://github.com/kleinzcy/Semi-supervised-Learning
9695,https://github.com/greyhypotheses/dermatology
9696,https://github.com/yihui-he/epipolar-transformers
9697,https://github.com/wmuron/motpy
9698,https://github.com/caotians1/BabyAIPlusPlus
9699,https://github.com/zzd1992/Adversarial-Defense-by-Suppressing-High-Frequencies
9700,https://github.com/pencilzhang/LFNet-light-field-saliency-net
9701,https://github.com/Bmillidgework/DeepActiveInference_Code
9702,https://github.com/basiralab/BrainNet-ML-ToolBox
9703,https://github.com/zaeemzadeh/Active-Learning-UCF101-IPM
9704,https://github.com/intelligent-control-lab/MEKF_MAME
9705,https://github.com/lacava/fair_gp
9706,https://github.com/tehqin/QualDivBenchmark
9707,https://github.com/swen128/bert_scorer
9708,https://github.com/richardli/SSJGL
9709,https://github.com/benedekrozemberczki/karateclub
9710,https://github.com/arsalhuda24/SS_lstm
9711,https://github.com/kritiksoman/GIMP-ML
9712,https://github.com/vkverma01/Zero-Shot
9713,https://github.com/anguyen8/sam
9714,https://github.com/anguyen8/sam
9715,https://github.com/anguyen8/sam
9716,https://github.com/SaeedNajafi/ac-tagger
9717,https://github.com/chihyanghsu0805/object_detection_yolo
9718,https://github.com/GuansongPang/deviation-network
9719,https://github.com/BIYTC/mobilenet_maskrcnn
9720,https://github.com/BIYTC/mobilenet_maskrcnn
9721,https://github.com/BIYTC/mobilenet_maskrcnn
9722,https://github.com/joytianya/google_bert
9723,https://github.com/MatthewZou9419/GACNN
9724,https://github.com/xqnwang/fuma
9725,https://github.com/kakaobrain/jejueo
9726,https://github.com/myrtleSoftware/deepspeech
9727,https://github.com/grey-area/modular-loss-experiments
9728,https://github.com/NickLucche/pyramid-cnn-leaves-segmentation
9729,https://github.com/YugeTen/QMVAE-mmdgm
9730,https://github.com/MUmarJaved/MultiAgent-Distributed-Reinforcement-Learning
9731,https://github.com/ictnlp/BoN-NAT
9732,https://github.com/ravi-lanka-4/CoPiEr
9733,https://github.com/makefile/frcnn
9734,https://github.com/airsplay/lxmert
9735,https://github.com/ceyzaguirre4/adaptive_computation
9736,https://github.com/airsplay/lxmert
9737,https://github.com/ELEMKEP/bsc_lcs
9738,https://github.com/DylanWusee/PointPWC
9739,https://github.com/ZhenYangIACAS/NMT
9740,https://github.com/fredshone/pandamonia
9741,https://github.com/ydkim1293/NLNL-Negative-Learning-for-Noisy-Labels
9742,https://github.com/ivannz/complex_paper
9743,https://github.com/trungngv/gprn
9744,https://github.com/MaksimEkin/COVID19-Literature-Clustering
9745,https://github.com/vkverma01/Zero-Shot
9746,https://github.com/DC1991/G2L_Net
9747,https://github.com/christopher-beckham/amr
9748,https://github.com/noureldien/timeception
9749,https://github.com/sooftware/Attention-Implementation
9750,https://github.com/tdozat/Parser-v3
9751,https://github.com/pedropro/TACO
9752,https://github.com/google/brain-tokyo-workshop
9753,https://github.com/dntai/dntai_fg20_affwild2_challenges
9754,https://github.com/aim-uofa/AdelaiDet
9755,https://github.com/Lornatang/ResNet-PyTorch
9756,https://github.com/sh951011/Korean-Speech-Recognition/blob/master/package/feature.py
9757,https://github.com/rodsveiga/rbm_flows_ising
9758,https://github.com/dice-group/KG-NMT
9759,https://github.com/feng-li/dlsa
9760,https://github.com/utahnlp/structured_tuning_srl
9761,https://github.com/Shawn1993/cnn-text-classification-pytorch
9762,https://github.com/pykao/Modified-3D-UNet-Pytorch
9763,https://github.com/tryagain3/try_bert
9764,https://github.com/Liumouliu/Deep_blind_PnP
9765,https://github.com/sshaoshuai/PointCloudDet3D
9766,https://github.com/changhunjo0927/Discrete_Preference_Codesource
9767,https://github.com/christianu7/aistats2020smi
9768,https://github.com/ucbdrive/few-shot-object-detection
9769,https://github.com/kampelmuehler/synthesizing_human_like_sketches
9770,https://github.com/gengchenmai/arcgis-online-search-engine
9771,https://github.com/MrShininnnnn/CECW
9772,https://github.com/Ping-C/certifiedpatchdefense
9773,https://github.com/awslabs/autogluon
9774,https://github.com/ycszen/ContextPrior
9775,https://github.com/ZhengyuZhao/ACE
9776,https://github.com/tosingithub/sdesk
9777,https://github.com/ggjy/HitDet.pytorch
9778,https://github.com/gramuah/ia
9779,https://github.com/cyclomon/3dbraingen
9780,https://github.com/amalbros/Self-Driving-Car-Simulation
9781,https://github.com/seewoo5/KT
9782,https://github.com/david-cortes/outliertree
9783,https://github.com/KurochkinAlexey/Recurrent-neural-processes
9784,https://github.com/HRNet/HRNet-Facial-Landmark-Detection
9785,https://github.com/mickeystroller/R-BERT
9786,https://github.com/caganselim/COMP541-Project
9787,https://github.com/Cold-Winter/BachGAN
9788,https://github.com/rapidsai/cuml
9789,https://github.com/quanmingyao/FasTer
9790,https://github.com/jimmy646/violin
9791,https://github.com/ildoonet/unsupervised-data-augmentation
9792,https://github.com/efeatikkan/Chinese_Word_Segmenter
9793,https://github.com/frankhan91/DeepBSDE
9794,https://github.com/martinzlocha/anchor-optimization
9795,https://github.com/globus-labs/g4mp2-atomization-energy
9796,https://github.com/USFDataVisualization/MapperOnGraphs
9797,https://github.com/Mrjaggu/Self_driving_car
9798,https://github.com/Canjie-Luo/Scene-Text-Image-Transformer
9799,https://github.com/RuoyuGuo/Visualising-Image-Classification-Models-and-Saliency-Maps
9800,https://github.com/timbmg/DIAL-LV
9801,https://github.com/duncanmcelfresh/RobustKidneyExchange
9802,https://github.com/vglsd/OpenSESAME
9803,https://github.com/ShaojieJiang/tldr
9804,https://github.com/roccojhu/neural_regression_discontinuity
9805,https://github.com/mnikitin/Shift-Invariant-CNNs
9806,https://github.com/KevinMusgrave/powerful-benchmarker
9807,https://github.com/sayakpaul/NALU
9808,https://github.com/PolyAI-LDN/conversational-datasets
9809,https://github.com/amzn/xfer
9810,https://github.com/mandubian/codenets
9811,https://github.com/KevinMusgrave/pytorch-metric-learning
9812,https://github.com/aim-uofa/AdelaiDet
9813,https://github.com/priyaradhakrishnan0/ELDEN
9814,https://github.com/ppwwyyxx/moco.tensorflow
9815,https://github.com/tensorflow/models/tree/master/official/nlp/albert
9816,https://github.com/NVlabs/SSV
9817,https://github.com/RickFri/MINE-Mutual-Information-Neural-Estimator
9818,https://github.com/aim-uofa/AdelaiDet
9819,https://github.com/MI2DataLab/memr
9820,https://github.com/AnzorGozalishvili/embedrank_serving
9821,https://github.com/jerryljq/ActionRecognition
9822,https://github.com/lessw2020/auto-adaptive-ai
9823,https://github.com/sblayush/Tensorflow-Attention
9824,https://github.com/Cadene/recipe1m.bootstrap.pytorch
9825,https://github.com/stormyoung/PRAI-1581
9826,https://github.com/e-hulten/maf
9827,https://github.com/Slowpuncher24/mlhiphy_v2
9828,https://github.com/Sage-Bionetworks/PythonEmbedInR
9829,https://github.com/vinits5/pcrnet
9830,https://github.com/water45wzh/exploring_melody
9831,https://github.com/dvornikita/SUR
9832,https://github.com/iamgroot42/sauron
9833,https://github.com/megvii-model/CrowdDetection
9834,https://github.com/martius-lab/blackbox-backprop
9835,https://github.com/nii-yamagishilab/Capsule-Forensics
9836,https://github.com/manricheon/manricheon.github.io
9837,https://github.com/gbernstein6/private_bayesian_regression
9838,https://github.com/sydney0zq/tmp
9839,https://github.com/msahamed/covid19-text-network
9840,https://github.com/YangNaruto/FQ-GAN
9841,https://github.com/Thinklab-SJTU/R3Det_Tensorflow
9842,https://github.com/Thinklab-SJTU/R3Det_Tensorflow
9843,https://github.com/amagooda/SummaRuNNer_coattention
9844,https://github.com/Pongpisit-Thanasutives/Variations-of-SFANet-for-Crowd-Counting
9845,https://github.com/linjx-ustc1106/TuiGAN-PyTorch
9846,https://github.com/philippwirth/awd-lstm-test
9847,https://github.com/SWKoreaBME/paper_review
9848,https://github.com/shawnkx/Decom
9849,https://github.com/SchwinnL/ML
9850,https://github.com/DanielCWard/Deep-Leaf-Segmentation-Using-Synthetic-Data
9851,https://github.com/PaddlePaddle/models/tree/develop/dygraph/bmn
9852,https://github.com/orevaoghene/pidgin-baseline
9853,https://github.com/cuishuhao/GVB
9854,https://github.com/mutiann/ccc
9855,https://github.com/georgedeath/egreedy
9856,https://github.com/jettify/pytorch-optimizer
9857,https://github.com/xiaoxu1025/r-fcn
9858,https://github.com/brandontrabucco/indigo
9859,https://github.com/ngchc/CameraTE
9860,https://github.com/pumpkinnan/BAN
9861,https://github.com/vinits5/pcrnet_pytorch
9862,https://github.com/sremedios/multiple_instance_learning
9863,https://github.com/bcmi/Image_Harmonization_Datasets
9864,https://github.com/donggyukimc/nash
9865,https://github.com/taufikxu/youtube
9866,https://github.com/FudanNLP/nlpcc2017_news_headline_categorization
9867,https://github.com/fdu-wuyuan/Siren
9868,https://github.com/tehret/rcmfd
9869,https://github.com/esclear/ph-nn
9870,https://github.com/stigma0617/VoVNet-DeepLabV3
9871,https://github.com/burklight/convex-IB-Lagrangian-PyTorch
9872,https://github.com/AmitMY/chimera
9873,https://github.com/lyakaap/Landmark2019-1st-and-3rd-Place-Solution
9874,https://github.com/bbbbbbzhou/DuDoRNet
9875,https://github.com/gramuah/ia
9876,https://github.com/xiaweihao/SR-Net
9877,https://github.com/cjy1992/interp-e2e-driving
9878,https://github.com/Cold-Winter/BachGAN
9879,https://github.com/marload/TensorFlow2-GANs
9880,https://github.com/akutuzov/russian_wsi
9881,https://github.com/mbpereira49/inferenceattacks
9882,https://github.com/jiawei-mo/3d_place_recognition
9883,https://github.com/GeoDQ/Seismic-image-segmentation
9884,https://github.com/ducha-aiki/wxbs-descriptors-benchmark
9885,https://github.com/plkmo/Bible_Text_GCN
9886,https://github.com/ahylton19/simpleNALU-tf
9887,https://github.com/martius-lab/blackbox-backprop
9888,https://github.com/qianguih/RSNet
9889,https://github.com/pengshuyuan/Bert
9890,https://github.com/tubamuzzaffar/gc2
9891,https://github.com/seungjunlee96/DeepLearning-for-Medical-Imaging
9892,https://github.com/MLforHealth/HurtfulWords
9893,https://github.com/suxuann/mgpf
9894,https://github.com/EvZissel/Residual-Flow
9895,https://github.com/ExaScience/smurff
9896,https://github.com/Tangshitao/ClipShots
9897,https://github.com/joe32140/CSCI-7000-replication
9898,https://github.com/Tangshitao/ClipShots
9899,https://github.com/wangyue2334/anomelies
9900,https://github.com/YairShemer/ILS-SUMM
9901,https://github.com/marianaasouza/dynamic-model-recommender
9902,https://github.com/alinlab/M2m
9903,https://github.com/HuangYG123/CurricularFace
9904,https://github.com/val-iisc/BPFC
9905,https://github.com/Daikenan/LTMU
9906,https://github.com/MonsterPeng/Deformable-ConvNets-master
9907,https://github.com/gjy3035/Awesome-Crowd-Counting
9908,https://github.com/v-andrearczyk/lri-cnn
9909,https://github.com/HyeonwooNoh/DeconvNet
9910,https://github.com/shanzhenren/PLE
9911,https://github.com/SJ001/AI-Feynman
9912,https://github.com/minghanz/DepthC3D
9913,https://github.com/guoyongcs/DRN
9914,https://github.com/IGITUGraz/LSNN-official
9915,https://github.com/StanfordASL/moca
9916,https://github.com/waiyulam/ORCNN
9917,https://github.com/EndingCredits/json2vec
9918,https://github.com/richmondvan/melanoma-detection
9919,https://github.com/richmondvan/melanoma-detection
9920,https://github.com/richmondvan/melanoma-detection
9921,https://github.com/PaddlePaddle/PaddleFL
9922,https://github.com/nitishabharathi/LEMNA
9923,https://github.com/IndustAI/risk-and-uncertainty
9924,https://github.com/taesunwhang/MVAN-VisDial
9925,https://github.com/graykode/gpt-2-Pytorch
9926,https://github.com/mesunhlf/UPC-tf
9927,https://github.com/machine-intelligence-laboratory/DDI-100
9928,https://github.com/samuelyu2002/PFLD
9929,https://github.com/vered1986/self_talk
9930,https://github.com/holistic-video-understanding/HVU-Dataset
9931,https://github.com/jhljx/CTGCN
9932,https://github.com/kayoyin/transformer-slt
9933,https://github.com/aim-uofa/AdelaiDet
9934,https://github.com/MLforHealth/HurtfulWords
9935,https://github.com/andreiluca96/reversed-vqa
9936,https://github.com/gvtulder/elasticdeform
9937,https://github.com/nrupatunga/goturn-pytorch
9938,https://github.com/ycszen/BiSeNet
9939,https://github.com/mahehu/TUT-live-age-estimator
9940,https://github.com/facebookarchive/SCRNNs
9941,https://github.com/huangtinglin/NGCF-PyTorch
9942,https://github.com/DirtyHarryLYL/SymNet
9943,https://github.com/GeekHades1/DM-Reading-Materials
9944,https://github.com/gsh199449/stickerchat
9945,https://github.com/pdturney/open-ended-immigration-games
9946,https://github.com/wwbp/maternal_mortality
9947,https://github.com/pnshiralkar/text-to-handwriting
9948,https://github.com/Confusezius/ICCV2019_MIC
9949,https://github.com/Tyjch/open_spiel
9950,https://github.com/AveryGriffin/NarutoCV
9951,https://github.com/vered1986/self_talk
9952,https://github.com/nihitsaxena95/sentence-similarity-wordnet-sementic
9953,https://github.com/genforce/idinvert
9954,https://github.com/rafaelbidese/LOGAN-automatic-differentiation
9955,https://github.com/tensorflow/models/tree/master/official/nlp/transformer
9956,https://github.com/kenziyuliu/ms-g3d
9957,https://github.com/aim-uofa/AdelaiDet
9958,https://github.com/ShaojieJiang/tldr
9959,https://github.com/yiyuan1991/3D-Face-GCNs
9960,https://github.com/monaen/LightFieldReconstruction
9961,https://github.com/Chinmay26/Multi-Viewpoint-Image-generation
9962,https://github.com/valencebond/FixMatch_pytorch
9963,https://github.com/apeterswu/Depth_Growing_NMT
9964,https://github.com/prajjwal1/language-modelling
9965,https://github.com/muramasa8191/DeepLearning
9966,https://github.com/kk7nc/HDLTex
9967,https://github.com/microsoft/unilm/tree/master/layoutlm
9968,https://github.com/Res2Net/Res2Net-PoolNet
9969,https://github.com/renmengye/inc-few-shot-attractor-public
9970,https://github.com/Gorov/three_player_for_emnlp
9971,https://github.com/ucfnlp/joint-parse-n-summarize
9972,https://github.com/MioChiu/MobileNet_V2_TensorFlow
9973,https://github.com/jegarcian/hep-ml
9974,https://github.com/hengyuan-hu/bottom-up-attention-vqa
9975,https://github.com/guanfuchen/deep_sort
9976,https://github.com/kayoyin/transformer-slt
9977,https://github.com/fanny-yang/MABFDR
9978,https://github.com/namhoonlee/snip-public
9979,https://github.com/HolyBayes/pytorch_ard
9980,https://github.com/StefanDenn3r/Unsupervised_Anomaly_Detection_Brain_MRI
9981,https://github.com/dukelin95/vqa_pytorch
9982,https://github.com/icc2115/sage
9983,https://github.com/Vicomtech/NUBes-negation-uncertainty-biomedical-corpus
9984,https://github.com/UMich-BipedLab/sync_lidartag_apriltag
9985,https://github.com/MHersche/eegnet-based-embedded-bci
9986,https://github.com/AliaksandrSiarohin/motion-cosegmentation
9987,https://github.com/rajkumarkarthik/mgrf-develop
9988,https://github.com/lightonai/newma
9989,https://github.com/sfme/RVAE_MixedTypes
9990,https://github.com/bbrattoli/ZeroShotVideoClassification
9991,https://github.com/fiddler-labs/the-explanation-game-supplemental
9992,https://github.com/facebookresearch/UnsupervisedDecomposition
9993,https://github.com/inzva/hand-joint-detection
9994,https://github.com/gingsmith/cocoa
9995,https://github.com/pmcgrath249/DeepCVLab
9996,https://github.com/ignaciotb/bathymetric_slam
9997,https://github.com/ZHAOTING/dialog-processing
9998,https://github.com/Andy-TK/COMP90051_Project1
9999,https://github.com/gallantlab/pyrcca