"library","frequency"
"numpy",12963
"os",11657
"sys",8389
"argparse",8213
"time",8121
"random",7037
"math",6833
"torch",6316
"collections",6129
"scipy",5802
"matplotlib",5792
"__future__",5287
"tensorflow",5218
"utils",4830
"json",4774
"pickle",4387
"re",3777
"copy",3701
"sklearn",3651
"PIL",3541
"logging",3385
"datetime",3373
"torchvision",3364
"tqdm",3342
"itertools",3300
"glob",3255
"shutil",3220
"cv2",3165
"pandas",2771
"functools",2621
"model",2158
"subprocess",2158
"models",2157
"warnings",2037
"multiprocessing",1968
"csv",1826
"keras",1714
"six",1703
"io",1434
"skimage",1335
"h5py",1328
"threading",1318
"tempfile",1300
"abc",1187
"urllib",1107
"data",1099
"operator",1085
"unittest",1072
"config",1051
"importlib",1043
"nltk",1024
"tensorboardX",1009
"pathlib",1000
"typing",986
"util",977
"pdb",944
"pprint",933
"dataset",927
"string",909
"inspect",880
"zipfile",871
"gzip",865
"yaml",865
"cPickle",820
"contextlib",816
"tarfile",808
"codecs",806
"datasets",799
"requests",777
"xml",754
"traceback",752
"hashlib",741
"errno",683
"gym",682
"seaborn",650
"numbers",619
"queue",582
"uuid",549
"train",539
"pytest",535
"socket",526
"types",518
"gc",517
"enum",511
"layers",507
"unicodedata",506
"struct",492
"pycocotools",481
"networkx",476
"imageio",450
"platform",447
"gensim",439
"joblib",437
"mpl_toolkits",436
"IPython",433
"resnet",420
"signal",413
"timeit",412
"theano",399
"base",373
"metrics",373
"misc",371
"modules",370
"distutils",368
"easydict",367
"ast",360
"bisect",358
"loss",338
"trainer",337
"base64",332
"logger",326
"spacy",321
"src",320
"ctypes",318
"common",312
"flask",307
"lib",290
"networks",288
"network",286
"core",285
"dataloader",284
"ops",284
"evaluation",283
"losses",270
"data_loader",265
"nms",259
"configparser",258
"fnmatch",254
"heapq",248
"librosa",246
"google",245
"transforms",244
"Queue",242
"absl",241
"imp",239
"atexit",233
"concurrent",233
"data_utils",233
"options",233
"StringIO",227
"functions",225
"builtins",223
"nets",223
"test",220
"coco",218
"pylab",218
"modeling",215
"apex",207
"caffe",207
"optimization",206
"bs4",204
"mxnet",200
"click",199
"helpers",199
"tools",199
"preprocess",198
"torchtext",198
"eval",196
"progressbar",195
"shlex",195
"visdom",193
"inference",191
"tokenization",191
"base_model",190
"numba",179
"optparse",178
"sphinx_rtd_theme",173
"pkg_resources",171
"preprocessing",169
"vgg",167
"_init_paths",166
"constants",165
"statistics",164
"textwrap",163
"psutil",162
"evaluate",159
"loader",158
"rpn",158
"transformers",158
"version",153
"termcolor",151
"tensorflow_hub",149
"urllib2",147
"weakref",146
"boto3",145
"mock",144
"optimizer",142
"lxml",141
"pytorch_pretrained_bert",141
"sampler",141
"ntpath",138
"chainer",137
"detectors",136
"lasagne",135
"baselines",134
"resnext",133
"voc",132
"voc_eval",132
"nibabel",131
"tabulate",131
"pygame",130
"roi_align",129
"helper",128
"allennlp",127
"opts",127
"zlib",127
"tests",125
"getpass",124
"_pickle",123
"bz2",123
"sqlite3",123
"urlparse",123
"anchor_generator",122
"nn",122
"mpi4py",120
"net",119
"training",119
"densenet",118
"html",118
"roi_pool",117
"cupy",116
"lr_scheduler",116
"main",116
"fast_rcnn",115
"yacs",115
"scripts",114
"backbone",113
"transformer",113
"base_options",112
"getopt",112
"colorsys",111
"dateutil",111
"dill",109
"dominate",109
"attention",108
"smooth_l1_loss",108
"graphviz",107
"sigmoid_focal_loss",107
"ipdb",106
"mujoco_py",106
"resource",106
"botocore",105
"progress",105
"bbox",104
"dlib",104
"lmdb",104
"visualize",104
"cityscapes",103
"agent",102
"pkgutil",102
"tensorflow_probability",102
"doctest",101
"image",101
"imgaug",101
"samplers",101
"env",100
"regex",100
"_ext",99
"array",99
"solver",99
"defaults",98
"dcn",97
"decimal",97
"build",96
"concat_dataset",96
"stat",95
"evaluator",93
"http",93
"imdb",93
"comm",91
"mask",91
"reader",91
"registry",91
"distributed",90
"encoder",90
"shapely",90
"hooks",89
"overrides",89
"SimpleITK",89
"soundfile",89
"tkinter",89
"utility",89
"asyncio",87
"configs",87
"statsmodels",87
"backbones",86
"predictor",86
"graph",85
"mnist",85
"vocab",85
"cityscapesscripts",84
"generator",84
"model_utils",84
"parser",84
"fairseq",83
"tensorboard",83
"module",82
"plyfile",82
"sentencepiece",82
"transform",82
"ConfigParser",81
"nose",81
"batch_norm",80
"classifier",80
"geometry",80
"rdkit",80
"torchsummary",80
"ujson",80
"accuracy",79
"file_utils",79
"fileinput",79
"fpn",79
"pyglet",79
"terminaltables",79
"builder",78
"inception",78
"locale",78
"difflib",77
"mmcv",77
"utilities",77
"envs",76
"unidecode",76
"visualization",76
"wrappers",76
"docopt",74
"examples",74
"experiments",74
"params",74
"tokenizer",74
"bert",73
"xgboost",73
"decoder",72
"optimizers",72
"retinanet",72
"scale",72
"tf_util",72
"Utils",72
"dataclasses",71
"dataloaders",71
"grouped_batch_sampler",71
"iou_loss",71
"mmdet",71
"plotly",71
"tensorboard_logger",71
"faster_rcnn",70
"fire",70
"roi_heads",70
"accimage",69
"imutils",69
"mask_rcnn",69
"sphinx",69
"sympy",69
"agents",68
"anchor",68
"cProfile",68
"custom",68
"torch_geometric",68
"torchnet",68
"api",67
"faiss",67
"hyperopt",67
"norm",67
"replicate",67
"rospy",67
"discriminator",66
"focal_loss",66
"sacred",66
"ssl",66
"blocks",65
"cloudpickle",65
"dist_utils",65
"fcos",65
"roi_data_layer",65
"base_sampler",64
"cross_entropy_loss",64
"pyrouge",64
"recommonmark",64
"zmq",64
"dictionary",63
"random_sampler",63
"rpn_head",63
"tensorpack",63
"unet",63
"anchor_head",62
"bbox_head",62
"decorators",62
"deform_conv",62
"email",62
"nms_wrapper",62
"post_processing",62
"ssd_vgg",62
"test_mixins",62
"two_stage",62
"cascade_rcnn",61
"editdistance",61
"iteration_based_batch_sampler",61
"max_iou_assigner",61
"mobilenet",61
"moviepy",61
"path",61
"recall",61
"retina_head",61
"single_stage",61
