31004,https://github.com/piEsposito/blitz-bayesian-deep-learning,170
31005,https://github.com/vedantc6/SeqGAN,12
31006,https://github.com/lupalab/flowscan,4
31007,https://github.com/lupalab/flowscan,4
31008,https://github.com/vmichals/FigureQA-baseline,1
31009,https://github.com/zhoubolei/moments_models,37
31011,https://github.com/dongyp13/Non-Targeted-Adversarial-Attacks,14
31012,https://github.com/rubenrosales/inception_v4,3
31013,https://github.com/461054993/SDCN,26
31015,https://github.com/ZhaoyangLyu/FROWN,11
31018,https://github.com/lrzpellegrini/Fine-Grained-Continual-Learning,4
31019,https://github.com/Rongpeng-Lin/StarGAN-Multi-domain-use-tensorflow,6
31020,https://github.com/YatingMusic/remi,20
31022,https://github.com/filipkrasniqi/QoSML,12
31023,https://github.com/shunsukesaito/PIFu,23
31027,https://github.com/verypluming/HELP,10
31029,https://github.com/darsh10/split_encoder_pointer_summarizer,86
31030,https://github.com/gidobot/SilhoNet,15
31031,https://github.com/ainrichman/Peppa-Facial-Landmark-PyTorch,11
31032,https://github.com/liyunsheng13/BDL,26
31038,https://github.com/AidenHuen/FGN-NER,10
31040,https://github.com/shunsukesaito/PIFu,23
31041,https://github.com/AnishDelft/ModelCompression,5
31042,https://github.com/cvignac/gnn_statistics,5
31043,https://github.com/ciampluca/Virtual-to-Real-Pedestrian-Detection,5
31046,https://github.com/tej-prash/GeneExpression,28
31047,https://github.com/muhanzhang/IGMC,25
31048,https://github.com/deepakn97/relationPrediction,37
31049,https://github.com/seymayucer/RaceClassification,24
31050,https://github.com/DSE-MSU/MUDE,2
31051,https://github.com/outcastofmusic/quick-nlp,109
31053,https://github.com/JiangShaoYin/FIGNN,1
31055,https://github.com/typilus/typilus,3
31056,https://github.com/NewKnowledge/TimeSeries-D3M-Wrappers,647
31059,https://github.com/matenure/GNN_planner,13
31060,https://github.com/CMU-CREATE-Lab/deep-smoke-machine,394
31062,https://github.com/mlii/mvrl,7
31064,https://github.com/qyzdao/ShadeSketch,4
31065,https://github.com/brightmart/bert_original,4
31066,https://github.com/satyakees/FaultNet,92
31067,https://github.com/DavidJanz/successor_uncertainties_tabular,10
31068,https://github.com/mattiaspaul/TernaryNet,6
31069,https://github.com/lzccccc/SMOKE,10
31073,https://github.com/responsibleproblemsolving/energy-usage,148
31081,https://github.com/hsvgbkhgbv/SQDDPG,364
31083,https://github.com/matenure/OTCoarsening,10
31084,https://github.com/JooyoungLeeETRI/CA_Entropy_Model,63
31085,https://github.com/benbogin/emergence-communication-cco,2
31086,https://github.com/machc/spherical_embeddings,4
31087,https://github.com/tztztztztz/eql.detectron2,307
31088,https://github.com/samyak0210/saliency,13
31090,https://github.com/alldbi/SuperMix,253
31091,https://github.com/twhui/SRGAN-PyTorch,67
31092,https://github.com/DylanWusee/pointconv_pytorch,12
31094,https://github.com/xinzheli1217/learning-to-self-train,97
31097,https://github.com/peterpark77/deepknockoffs,19
31099,https://github.com/myc159/Deep-Taylor-Decomposition,14
31101,https://github.com/sjy1203/GAMENet,3
31102,https://github.com/yasinyazici/Venn_GAN,5
31104,https://github.com/felix-do-wizardry/bert_felix,2
31105,https://github.com/JiaxuanYou/crop_yield_prediction,2
31106,https://github.com/shailzajolly/icdar_vqa,7
31107,https://github.com/noc-lab/clinical_concept_extraction,19
31109,https://github.com/godpgf/scarn,78
31110,https://github.com/donnyyou/pytorch-lffd,1
31113,https://github.com/jwieting/beyond-bleu,2
31116,https://github.com/haria/SqueezeNet,11
31117,https://github.com/jilljenn/ktm,69
31120,https://github.com/aaqib-ali/LSTNet_Pytorch,4
31124,https://github.com/thunlp/DocRED,36
31126,https://github.com/bojone/keras_lookahead,16
31127,https://github.com/BookerDeWitt/MSBDN-DFF,13
31129,https://github.com/R-Stefano/DQN,8
31131,https://github.com/divamgupta/ladder_network_keras,5
31132,https://github.com/mrlibw/ManiGAN,1
31135,https://github.com/rg2/DeepFluoroLabeling-IPCAI2020,2
31136,https://github.com/facebookresearch/neuralvolumes,1
31138,https://github.com/susurrant/spatial-interaction-modeling,508
31139,https://github.com/HKBU-HPML/FADNet,469
31140,https://github.com/rg2/DeepFluoroLabeling-IPCAI2020,2
31141,https://github.com/nju-websoft/TransEdge,8
31142,https://github.com/omarperacha/TonicNet,5
31143,https://github.com/changji2069/Scope-Project,50
31144,https://github.com/martinlackner/abcvoting,143
31146,https://github.com/mhw32/meta-inference-public,8
31147,https://github.com/TengHu/Multi-agent-RL,13
31148,https://github.com/riannevdberg/sylvester-flows,9
31150,https://github.com/MedChaabane/deepRAM,152
31153,https://github.com/Mukosame/Zooming-Slow-Mo-CVPR-2020,35
31154,https://github.com/zeka-io/selfie-to-anime,5
31155,https://github.com/marcopodda/fragment-based-dgm,8
31156,https://github.com/rail-berkeley/softlearning,1477
31158,https://github.com/ElizaLo/Question-Answering-based-on-SQuAD,49
31160,https://github.com/Gie-ok-Hie-ut/pytorch-stylegan2-distillation,3
31161,https://github.com/ElizaLo/Question-Answering-based-on-SQuAD,49
31162,https://github.com/ElizaLo/Question-Answering-based-on-SQuAD,49
31163,https://github.com/allenai/s2-gorc,37
31164,https://github.com/ElizaLo/Question-Answering-based-on-SQuAD,49
31165,https://github.com/Jungjee/RawNet,100
31166,https://github.com/zrl4836/tensorflow_octConv,16
31168,https://github.com/shawnkx/Fast-MoS,7
31170,https://github.com/luogen1996/MCN,68
31171,https://github.com/NicoleEic/Brainhack_Oxbridge,19
31172,https://github.com/Confusezius/CVPR2020_PADS,9
31173,https://github.com/babylonhealth/medisim,11
31177,https://github.com/zalandoresearch/pytorch-ts,317
31178,https://github.com/AlexMoreo/word-class-embeddings,51
31179,https://github.com/m-serra/action-inference-for-video-prediction-benchmarking,20
31182,https://github.com/arthurmensch/cogspaces,319
31183,https://github.com/facebookresearch/SymbolicMathematics,2
31186,https://github.com/tanupoo/penguin,179
31188,https://github.com/DevashishPrasad/CascadeTabNet,152
31191,https://github.com/vov-net/VoVNet-Detectron,4
31192,https://github.com/kumarak93/LinearConv,3
31195,https://github.com/juliagusak/neural-ode-norm,26
31196,https://github.com/juliagusak/neural-ode-norm,26
31197,https://github.com/c-elvira/safe-squeezing,18
31200,https://github.com/Feynman27/pytorch-detect-rfcn,3
31201,https://github.com/YapengTian/TDAN-VSR-CVPR-2020,43
31202,https://github.com/YapengTian/TDAN-VSR-CVPR-2020,43
31203,https://github.com/YapengTian/TDAN-VSR-CVPR-2020,43
31204,https://github.com/sfm-sr-denoising/sfm,9
31205,https://github.com/closedloop-ai/cv19index,90
31206,https://github.com/Y1fanHE/po_with_moead-levy,4
31207,https://github.com/ZebinYang/gaminet,270
31208,https://github.com/yining043/SAC-discrete,28
31209,https://github.com/PhyllisH/NMMP,37
31214,https://github.com/ctr4si/A-Hierarchical-Latent-Structure-for-Variational-Conversation-Modeling,27
31215,https://github.com/shrivastavadisha/meta_learn_source_code,6
31218,https://github.com/Eric-Wallace/adversarial-mt,999
31224,https://github.com/FragileTech/fragile,429
31225,https://github.com/bismex/HiCMD,43
31226,https://github.com/azamatkhid/mnasnet-pytorch,26
31228,https://github.com/open-mmlab/mmdetection,964
31229,https://github.com/BraveGump/CGDL-for-Open-Set-Recognition,3
31234,https://github.com/nikonikolov/rltf,377
31235,https://github.com/sandropezzelle/malevic,13
31236,https://github.com/WXinlong/SOLO,755
31237,https://github.com/samleoqh/DDCM-Semantic-Segmentation-PyTorch,6
31239,https://github.com/maziarraissi/ParametricGP,23
31240,https://github.com/bigchem/synthesis,3
31241,https://github.com/daQuincy/DeepMusicvStyle,18
31244,https://github.com/uclanlp/0ShotCLTwithOD,13
31245,https://github.com/dizcza/pytorch-mighty,229
31247,https://github.com/Sam131112/Deep-Graph-Infomax-Implementation,3
31248,https://github.com/statsu1990/ReZero-Cifar100,8
31249,https://github.com/statsu1990/ReZero-Cifar100,8
31253,https://github.com/BBillot/SynthSeg,17
31254,https://github.com/BBillot/SynthSeg,17
31255,https://github.com/epic-kitchens/annotations,147
31257,https://github.com/littleredxh/DREML,37
31258,https://github.com/MarvinTeichmann/MultiNet,52
31260,https://github.com/marcellodebernardi/adversarial-csprng,215
31262,https://github.com/shizhouxing/DialogueDiscourseParsing,2
31264,https://github.com/MikelBros/Yolov3_DeepSort_Pytorch,2120
