1,https://github.com/google/tf_mesh_renderer,22
2,https://github.com/zhuohan123/g2-lstm,4
3,https://github.com/trangvu/ape-npi,1
6,https://github.com/JasperSnoek/spearmint,132
7,https://github.com/lmb-freiburg/td-or-not-td,11
8,https://github.com/HIPS/Spearmint,97
9,https://github.com/jkkummerfeld/berkeley-parser-analyser,33
12,https://github.com/HIPS/Spearmint,97
14,https://github.com/hsvgbkhgbv/TACTHMC,78
15,https://github.com/jkkummerfeld/berkeley-parser-analyser,33
16,https://github.com/felixriese/susi,104
18,https://github.com/harryhan618/LaneNet,29
20,https://github.com/roatienza/densemapnet,57
21,https://github.com/ghus75/Question_Answering,12
22,https://github.com/imatge-upc/hate-speech-detection,36
23,https://github.com/HIPS/Spearmint,97
25,https://github.com/jkkummerfeld/berkeley-ccg2pst,6
26,https://github.com/vita-epfl/DyNav,143
28,https://github.com/chrisdonahue/ddc,19
29,https://github.com/levelfour/pumil,21
33,https://github.com/Soumyabrata/irradiance-variation,20
36,https://github.com/qingzwang/AudioVisualCrowdCounting,10
39,https://github.com/vwz/topolstm,5
41,https://github.com/HRNet/HRNet-Facial-Landmark-Detection,29
42,https://github.com/tlohr/nfsu2-ai,48
43,https://github.com/MSiam/TFSegmentation,520
44,https://github.com/bekou/ad_data,40
45,https://github.com/kiudee/cs-ranking,596
46,https://github.com/huanzhang12/CertifiedReLURobustness,5
47,https://github.com/openai/multiagent-competition,4
49,https://github.com/pedrormjunior/ssvm-results,13
51,https://github.com/feifengwhu/question_attention,22
53,https://github.com/wanjinchang/MTCNN_USE_TF_E2E,18
55,https://github.com/adityathakker/AcronymExpansion,28
56,https://github.com/northeastsquare/effficientnet,14
58,https://github.com/YanWei123/Pointnet_encoder_Foldingnet_decoder_quantization,2
59,https://github.com/josedolz/SemiDenseNet,31
60,https://github.com/vincentzhang/faster-rcnn-fcn,255
63,https://github.com/bnpy/hdp-grid-image-restoration,5
66,https://github.com/BouchardLab/pylearn2,7050
67,https://github.com/YuhangSong/DHP,236
68,https://github.com/vwz/topolstm,5
71,https://github.com/kujason/avod,6
75,https://github.com/lsgos/uncertainty-adversarial-paper,15
76,https://github.com/locuslab/e2e-model-learning,13
77,https://github.com/afzalahmad0203/tf_shufflenet,15
78,https://github.com/lancopku/Multi-Order-LSTM,8
79,https://github.com/Baidi96/text2sql,35
80,https://github.com/midhun-em/face_recognition_facenet,13
84,https://github.com/pilehvar/sensecnn,30
86,https://github.com/scstech85/DocEmul,44
88,https://github.com/gabrieleilertsen/hdrcnn,20
89,https://github.com/martimbrandao/legopt-benchmark,3
90,https://github.com/vuanhtu1993/Keras-SRGANs,36
92,https://github.com/fYYw/satire,22
94,https://github.com/vuanhtu1993/Keras-SRGANs,36
95,https://github.com/marinkaz/medusa,9
97,https://github.com/bdhingra/quasar,9
98,https://github.com/mquad/hgru4rec,11
104,https://github.com/orig74/DroneSimLab,222
105,https://github.com/arslan-chaudhry/dcsp_segmentation,7
106,https://github.com/isayev/ANI1_dataset,20
111,https://github.com/ccyyatnet/COLORGAN,6
113,https://github.com/leoribeiro/struc2vec,45
115,https://github.com/bfelbo/deepmoji,51
116,https://github.com/francescociompi/stain-normalization-isbi-2017,11
120,https://github.com/francescosolera/dreyeving,4
122,https://github.com/yihui-he/TSP,10
124,https://github.com/VeriDeep/DLV,118
128,https://github.com/dot27/temporal-tessellation,18
129,https://github.com/ycemsubakan/diagonal_rnns,8
131,https://github.com/tensorflow/models,4735
132,https://github.com/sato9hara/defragTrees,50
133,https://github.com/illidanlab/cdrl,16
134,https://github.com/mp2893/retain,32
135,https://github.com/PankajKarki/Self-Driving-Car,19
138,https://github.com/harshit17chaudhary/SML_assignment_1,201
139,https://github.com/IoTDATALab/MAPA,21
140,https://github.com/pecu/FinancialVision,26
142,https://github.com/epochx/opminreplicability,7
143,https://github.com/Vixaer/LowRankTRN,5
146,https://github.com/boknilev/dsl-char-cnn,16
149,https://github.com/DeepLearnXMU/VNMT,9
157,https://github.com/dipu-bd/craft-moran-ocr,9
159,https://github.com/alrojo/lasagne_residual_network,68
161,https://github.com/dipu-bd/craft-moran-ocr,9
162,https://github.com/sidaw/mompy,31
168,https://github.com/can-cs/nestedsmc,9
169,https://github.com/davmre/gprf,56
172,https://github.com/aam-at/adversary_critic,1
179,https://github.com/Britefury/self-ensemble-visual-domain-adapt,10
180,https://github.com/yujiali/gmmn,6
181,https://github.com/yaringal/VSSGP,4
182,https://github.com/Izecson/saml-nmt,423
185,https://github.com/akshaykr/oracle_cb,51
188,https://github.com/karlnapf/kameleon-mcmc,531
190,https://github.com/vered1986/LexNET,33
191,https://github.com/msracver/Relation-Networks-for-Object-Detection,8
192,https://github.com/menajosep/AleatoricSent,7
193,https://github.com/jiesutd/NCRFpp,126
195,https://github.com/matterport/Mask_RCNN,203
196,https://github.com/nyu-dl/dl4mt-cdec,26
200,https://github.com/benevolentAI/guacamol_baselines,17
201,https://github.com/ruotianluo/DiscCaptioning,62
202,https://github.com/songhan/Deep-Compression-AlexNet,16
203,https://github.com/facebookresearch/MUSE,50
204,https://github.com/facebookresearch/MUSE,50
205,https://github.com/cyrusgeyer/DiffPrivate_FedLearning,58
206,https://github.com/songhan/Deep-Compression-AlexNet,16
208,https://github.com/facebookresearch/MUSE,50
209,https://github.com/zoogzog/chexnet,4
210,https://github.com/voidism/pywordseg,60
212,https://github.com/zhang2010hao/cw2vec-pytorch,12
213,https://github.com/facebookresearch/DrQA,53
214,https://github.com/parilo/rl-server,9
215,https://github.com/shakedzy/gin,13
216,https://github.com/parilo/rl-server,9
217,https://github.com/hanzhanggit/StackGAN-Pytorch,7
218,https://github.com/clara-labs/spherecluster,159
220,https://github.com/JoeriHermans/dist-keras,1125
222,https://github.com/andreasveit/densenet-pytorch,16
224,https://github.com/andreasveit/densenet-pytorch,16
226,https://github.com/meliketoy/wide-resnet.pytorch,27
227,https://github.com/dalgu90/wrn-tensorflow,10
228,https://github.com/YerevaNN/DIIN-in-Keras,113
230,https://github.com/deepinsight/insightface,1217
231,https://github.com/icewing1996/bert-syntax,41
232,https://github.com/jtcass01/SIMON,126
233,https://github.com/deepinsight/insightface,1217
235,https://github.com/allenai/dqa-net,311
237,https://github.com/marvis/pytorch-yolo2,124
240,https://github.com/mattya/chainer-DCGAN,11
241,https://github.com/ibayer/fastFM,291
243,https://github.com/semiquark1/boruvka-superpixel,1
246,https://github.com/xternalz/WideResNet-pytorch,15
248,https://github.com/sajadn/QHAdam,3
250,https://github.com/enalisnick/stick-breaking_dgms,11
252,https://github.com/mp2893/retain,32
253,https://github.com/BaoWangMath/DNN-DataDependentActivation,40
254,https://github.com/geek-ai/irgan,9
256,https://github.com/cfalk/BlackBoxAuditing,341
258,https://github.com/zt95/infinite-horizon-off-policy-estimation,16
259,https://github.com/ytongbai/SemanticPartDetection,7
260,https://github.com/frankcgq105/BERTCHEN,34
264,https://github.com/IBM/MAX-News-Text-Generator,42
267,https://github.com/deepmipt/DeepPavlov,2517
268,https://github.com/deepmipt/DeepPavlov,2517
271,https://github.com/rickyHong/CRNN-Tensorflow-Text-repl,97
273,https://github.com/trichtu/Recurrent_Attention_U_net,6
274,https://github.com/yanggeng1995/GAN-TTS,24
275,https://github.com/astorfi/neural-machine-translation-from-scratch,99
276,https://github.com/facebookresearch/end-to-end-negotiator,75
280,https://github.com/s-gupta/fast-rcnn,221
281,https://github.com/fmaglia/keras_rmac_plus,19
282,https://github.com/CSAILVision/semantic-segmentation-pytorch,279
283,https://github.com/akosiorek/hart,19
284,https://github.com/facebookresearch/low-shot-with-diffusion,5
285,https://github.com/jackspp/rethinking-self-driving,2
286,https://github.com/1austrartsua1/proj_split_pub,5
287,https://github.com/HughKu/Im2txt,17
290,https://github.com/gablg1/ORGAN,113
291,https://github.com/SimJeg/FC-DenseNet,20
292,https://github.com/eske/seq2seq,836
293,https://github.com/grananqvist/NALU-tf,4
297,https://github.com/cod3licious/conec,22
300,https://github.com/brightmart/bert_customized,10
301,https://github.com/tkuanlun350/Kaggle_Ship_Detection_2018,2
302,https://github.com/bhneo/DecorrelatedBN_tf,48
304,https://github.com/HazyResearch/metal,1870
305,https://github.com/kjybinp/SCGAN,12
306,https://github.com/insperatum/pinn,56
308,https://github.com/a1600012888/YOPO-You-Only-Propagate-Once,42
309,https://github.com/MarekKowalski/DeepAlignmentNetwork,21
312,https://github.com/moduIo/Relation-Networks,63
314,https://github.com/adler-j/bwgan,10
316,https://github.com/ruotianluo/self-critical.pytorch,334
317,https://github.com/srebuffi/residual_adapters,35
319,https://github.com/fregu856/segmentation,53
322,https://github.com/RAHUL-KESHERVANI/my_pix2code,7
323,https://github.com/SAGNIKMJR/MetaQNN_ImageGenerationVCAE_PyTorch,15
325,https://github.com/zhusiling/TecoGAN,14
326,https://github.com/cauchyturing/UCR_Time_Series_Classification_Deep_Learning_Baseline,43
327,https://github.com/Evolving-AI-Lab/synthesizing,271
330,https://github.com/FlamingHorizon/VRRM,4
331,https://github.com/lasigeBioTM/PGR,45
332,https://github.com/cydonia999/Tiny_Faces_in_Tensorflow,6
333,https://github.com/cig-skoltech/deep_demosaick,6
335,https://github.com/SSusantAchary/FaceDetection-counting-using-MTCNN,16
339,https://github.com/stanfordnlp/phrasenode,29
345,https://github.com/liuzhencheng/zcliu_code,10
347,https://github.com/Maymaher/StackGANv2,21
348,https://github.com/gknilsen/pyhessian,17
350,https://github.com/boyangumn/DCN,31
351,https://github.com/LIBOL/ODL,28
352,https://github.com/xiaoyongzhu/Deformable-ConvNets,28
354,https://github.com/boschresearch/statestream,94
355,https://github.com/rickyHong/ClariNet-WaveNet-repl,14
356,https://github.com/keunwoochoi/kapre,174
359,https://github.com/fangchangma/sparse-to-dense.pytorch,31
360,https://github.com/zswang666/PnP-Depth,13
361,https://github.com/fangchangma/sparse-to-dense.pytorch,31
363,https://github.com/anlausch/ArguminSci,17
364,https://github.com/geekJZY/arcticnet,3
365,https://github.com/HoganZhang/few-shot-gnn,11
369,https://github.com/akanazawa/motion_reconstruction,5
370,https://github.com/tensorflow/models,4735
372,https://github.com/OrcusCZ/NNAcousticModeling,7
373,https://github.com/MRegina/connectome_conv_net,9
375,https://github.com/leemathew1998/GradientWeight,8
377,https://github.com/nyu-dl/dl4mt-cdec,26
378,https://github.com/leemathew1998/GradientWeight,8
381,https://github.com/julianser/Ubuntu-Multiresolution-Tools,20
384,https://github.com/seqam-lab/GPDA,40
387,https://github.com/ithuanhuan/py-fatser-rcnn,323
388,https://github.com/EugeneNdiaye/GAPSAFE_SGL,7
389,https://github.com/maximecb/gym-minigrid,314
393,https://github.com/simochen/flowtrack.pytorch,26
395,https://github.com/ananyahjha93/multi-level-vae,3
399,https://github.com/facebookresearch/MUSE,50
400,https://github.com/AIJoris/DPAC-DialogueGAN,415
401,https://github.com/shihui2010/portrait_matting,2
402,https://github.com/ailab-pku/rl-framework,8
403,https://github.com/SSinyu/RED_CNN,116
406,https://github.com/leopiney/deep-forest,18
409,https://github.com/airlab-unibas/airlab,114
410,https://github.com/chencq1234/maskrcnn_facebook,147
412,https://github.com/Lw510107/pointnet-2018.6.27-,40
413,https://github.com/vita-epfl/monoloco,141
415,https://github.com/SeonbeomKim/TensorFlow-TextCNN,20
416,https://github.com/raun1/Diagnostic-Classification-Of-Lung-Nodules-Using-3D-Neural-Networks,39
417,https://github.com/AlonShoshan10/dynamic_net,20
419,https://github.com/taigw/brats17,96
420,https://github.com/AhmedSherifAST/bert,2
421,https://github.com/NVIDIAAICITYCHALLENGE/AICity_Team6_ISU,32
423,https://github.com/CSAILVision/gandissect,34
424,https://github.com/NVIDIAAICITYCHALLENGE/AICity_Team6_ISU,32
425,https://github.com/Stonesjtu/Pytorch-NCE,156
426,https://github.com/prajual/Deep_Speaker,2
430,https://github.com/networkinference/ESL,8
434,https://github.com/garygsw/smooth-taylor,8
435,https://github.com/acecreamu/ssim-pan,31
438,https://github.com/irsisyphus/reconet,8
439,https://github.com/alexandrebarachant/pyRiemann,328
442,https://github.com/wszcaswsz/Conversation_Model,11
444,https://github.com/Fuhongshuai/FUHS_GraphCNN,5
446,https://github.com/Fuhongshuai/FUHS_GraphCNN,5
447,https://github.com/automl/HpBandSter,187
448,https://github.com/Fuhongshuai/FUHS_GraphCNN,5
449,https://github.com/jazzbob/stb,6
450,https://github.com/harryhan618/LaneNet,29
452,https://github.com/COGMAR/RotEqNet,34
453,https://github.com/Tsejing/object_detection,1
454,https://github.com/idearibosome/tf-perceptual-eusr,112
456,https://github.com/Neo-The1/ThinkingTicTacToe,123
457,https://github.com/rafiahmed40/stack-adverserial-network,1
458,https://github.com/eyeswideopen/pix2pixHD-MED,6
459,https://github.com/rafiahmed40/stack-adverserial-network,1
460,https://github.com/rafiahmed40/stack-adverserial-network,1
461,https://github.com/cdg720/emnlp2016,110
462,https://github.com/shikhadahiya/Image-to-image-translation-using-C-GAN,7
466,https://github.com/bareeka/ganproject,1
467,https://github.com/Hydron063/Rage,143
468,https://github.com/llSeedll/Facial-Recognition-using-Facenet,1
470,https://github.com/prajjwal1/language-modelling,17
471,https://github.com/brandonrobertz/AcademicUrlTitles,23
472,https://github.com/jimiyulu/WSD_MemNN,19
473,https://github.com/zma-c-137/VarGFaceNet,20
475,https://github.com/AsuradaYuci/tripletreid-zhushi,4
476,https://github.com/Leensman/VarDropPytorch,47
477,https://github.com/gchrupala/imaginet,23
478,https://github.com/robin-0/VFPred,8
480,https://github.com/IBM-HRL-MLHLS/IBM-Causal-Inference-Benchmarking-Framework,21
481,https://github.com/hx19940102/Image-Captioning,3
482,https://github.com/hoangtuanvu/OCR_Correction,1
484,https://github.com/SConsul/ReSeg,4
488,https://github.com/google-research/tensorflow_constrained_optimization,98
489,https://github.com/BlackAngel1111/Fast-RCNN,188
490,https://github.com/bhneo/decorrelated_bn,48
493,https://github.com/aspk/space_battle,15
494,https://github.com/crisie/CRNN-Gaze,25
495,https://github.com/alex98chen/testGAN,15
497,https://github.com/alex98chen/testGAN,15
501,https://github.com/kolloldas/torchnlp,38
502,https://github.com/homles11/IGCV3,45
504,https://github.com/thunlp/KernelGAT,35
505,https://github.com/FrankPortman/stannis,25
506,https://github.com/Hangz-nju-cuhk/Talking-Face-Generation-DAVS,108
507,https://github.com/PengchengAi/tf-faster-rcnn-pcai,2
509,https://github.com/ctwxdd/Tensorflow-ACGAN-Anime-Generation,5
511,https://github.com/R-Gaurav/train-delay-estimation-ITSC2018,66
512,https://github.com/VincentYing/Attention-on-Attention-for-VQA,23
516,https://github.com/mankadronit/SelfDrivingCar,9
517,https://github.com/Epiphqny/Colorization,28
518,https://github.com/arvieFrydenlund/awd-lstm-lm,41
519,https://github.com/mjpost/sacreBLEU,240
522,https://github.com/thjashin/spectral-stein-grad,6
523,https://github.com/markWJJ/rl,1
524,https://github.com/bethgelab/AnalysisBySynthesis,18
526,https://github.com/qilei123/DEEPLAB_4_RETINAIMG,113
529,https://github.com/pomonam/AttentionCluster,14
530,https://github.com/astorfi/neural-machine-translation-from-scratch,99
531,https://github.com/chreul/mptv,6
532,https://github.com/sherdencooper/tricks-in-deeplearning,24
534,https://github.com/siddharthbhonge/Neural_Style_transfer,15
536,https://github.com/jeffdonahue/bigan,22
537,https://github.com/rastegarpanah/antidote-data-framework,21
538,https://github.com/bareblackfoot/lddp-tf-faster-rcnn,312
541,https://github.com/takyamamoto/Local-Predictive_Coding_Network-with_Chainer,10
542,https://github.com/edenton/svg,18
546,https://github.com/endernewton/tf-faster-rcnn,318
551,https://github.com/LilTwo/DRL-using-PyTorch,18
552,https://github.com/lelechen63/3d_gan,310
553,https://github.com/pgcool/textTOvec,2
554,https://github.com/UKPLab/coling18-multimodalSurvey,3
555,https://github.com/michalkoziarski/RBU,1
556,https://github.com/Souphis/mobile_robot_rl,45
557,https://github.com/karl-hajjar/Generative-Adversarial-Networks,6
558,https://github.com/nathanwang000/credible_learning,54
563,https://github.com/hworang77/PAN,10
565,https://github.com/mr-bulb/DL_basic_github,15
566,https://github.com/MurreyCode/wavegan,84
567,https://github.com/openai/glow,30
570,https://github.com/noahfl/densenet-sdr,79
572,https://github.com/DanielLongo/AdversarialTrain,164
573,https://github.com/DanielLongo/AdversarialTrain,164
575,https://github.com/josh-tobin/egqn-datasets,3
576,https://github.com/cosmic119/StarGAN,1
577,https://github.com/jessefarebro/dqn-ale,2
581,https://github.com/jzhou316/Unsupervised-Sentence-Summarization,96
583,https://github.com/bekou/multihead_joint_entity_relation_extraction,34
585,https://github.com/keunwoochoi/MSD_split_for_tagging,12
586,https://github.com/Sujit-O/pykg2vec,1158
587,https://github.com/yanqi1811/attention-is-all-you-need,92
588,https://github.com/Sujit-O/pykg2vec,1158
590,https://github.com/xialeiliu/RotateNetworks,5
592,https://github.com/reinforcement-learning-kr/pg_travel,158
593,https://github.com/arberzela/EfficientNAS,10
595,https://github.com/zynk13/dueling-dqn-Reinforcement-learning,10
598,https://github.com/Sujit-O/pykg2vec,1158
600,https://github.com/cheng18/bilm-tf,83
601,https://github.com/alexandru-dinu/cae,27
603,https://github.com/One-sixth/CVAE-GAN_tensorlayer,11
604,https://github.com/rayat137/Pose_3D,47
605,https://github.com/zhengcj1/ChID-Dataset,65
606,https://github.com/Hwang64/PSIS,39
607,https://github.com/SiyuanQi/gpnn,2
608,https://github.com/ermongroup/graphite,7
609,https://github.com/divelab/dilated,25
610,https://github.com/qq456cvb/VoteNet,26
612,https://github.com/ccsasuke/umwe,45
615,https://github.com/lluisgomez/single-shot-str,14
616,https://github.com/ithuanhuan/py-fatser-rcnn,323
618,https://github.com/johnhuang87/temporal-segment-networks,130
622,https://github.com/RRoundTable/OceanLitter_dataset_generator,25
623,https://github.com/cheng-Ye/daguan-competition-master,12
624,https://github.com/zysite/post,56
625,https://github.com/hexpheus/SimpNet-Tensorflow,157
630,https://github.com/SeonbeomKim/TensorFlow-MemN2N,14
631,https://github.com/jan-schuchardt/learning-to-evolve,7
632,https://github.com/YunseobShin/wiki_GAT,19
633,https://github.com/carlesventura/iterative-deep-learning,76
634,https://github.com/zlin7/CGNet,6
635,https://github.com/pkuCactus/BDCN,11
636,https://github.com/kavosh8/MAC,4
638,https://github.com/Davidnet/TFSegmentation,517
639,https://github.com/x5675602/squeezeNet_keras,26
640,https://github.com/johnnyjana730/keras_dcgan_car,12
641,https://github.com/accessai/dynamic_word_embeddings,13
642,https://github.com/assafshocher/ZSSR,28
644,https://github.com/DaiLisen/Eye-gaze-Point-Detection-Modified-sec-,3
647,https://github.com/XuezheMax/NeuroNLP2,700
649,https://github.com/JianGoForIt/YellowFin_Pytorch,306
651,https://github.com/art-programmer/MASC,13
652,https://github.com/ictnlp/GS4NMT,109
654,https://github.com/sergivalverde/cnn-ms-lesion-segmentation,31
663,https://github.com/yly-revive/chainer-mreader,14
666,https://github.com/cfalk/BlackBoxAuditing,341
667,https://github.com/YasuhiroKatsura/comp-labels,4
669,https://github.com/IBM/MAX-Audio-Sample-Generator,39
670,https://github.com/ytsvetko/qvec,44
673,https://github.com/takyamamoto/FirstExplicitMethod-HDM,15
675,https://github.com/SimoneDutto/EDSR,148
676,https://github.com/seansoleyman/cifar10-resnet,16
677,https://github.com/danielegrattarola/keras-gat,41
678,https://github.com/passalis/sef,131
679,https://github.com/MadryLab/cifar10_challenge,28
681,https://github.com/kuangshengkai/dcgan-keras,9
682,https://github.com/arjun-rao/slam18,19
684,https://github.com/insigh/THUMT,1
685,https://github.com/SimoneDutto/EDSR,148
687,https://github.com/Ugness/PiCANet-Implementation,122
688,https://github.com/zsweet/zsw_AI_model,1
691,https://github.com/BioImageInformatics/tfmodels,208
692,https://github.com/MASILab/SynSeg-Net,23
693,https://github.com/laiguokun/LSTNet,9
701,https://github.com/saikatbsk/Vincent-AI-Artist,32
702,https://github.com/Coldog2333/Financial-NLP,24
704,https://github.com/PaParaZz1/PointNet,6
706,https://github.com/edouardoyallon/pyscatlight,5
708,https://github.com/lingpy/correspondence-pattern-paper,57
709,https://github.com/nicola-decao/s-vae,21
710,https://github.com/guiggh/hand_pose_action,22
714,https://github.com/xuanqing94/RobGAN,20
715,https://github.com/HazyResearch/metal,1870
717,https://github.com/andrewowens/multisensory,13
718,https://github.com/ozzzp/MLHF,16
719,https://github.com/GMvandeVen/continual-learning,14
720,https://github.com/suvarna-kadam/Oct2018_Demo,2
721,https://github.com/FMZennaro/Fair-Pooling-Causal-Models,3
722,https://github.com/andrewowens/multisensory,13
723,https://github.com/andrewowens/multisensory,13
724,https://github.com/chez8990/Image2ImageTranslation,1
727,https://github.com/timbmg/Sentence-VAE,24
729,https://github.com/kebasaa/SCIO-read,126
730,https://github.com/keshav47/Face-Recognition-And-Verification,8
731,https://github.com/rgeirhos/Stylized-ImageNet,29
733,https://github.com/kevin5naug/summer_project,100
735,https://github.com/swabhs/open-sesame,65
737,https://github.com/menajosep/AleatoricSent,7
738,https://github.com/brandontrabucco/im2txt_match,4
739,https://github.com/gpleiss/temperature_scaling,9
740,https://github.com/PyENE/meta-word-embedding,16
741,https://github.com/jiajunhua/facebookresearch-MUSE,34
743,https://github.com/IraKorshunova/bruno,65
746,https://github.com/fangchangma/sparse-to-dense.pytorch,31
749,https://github.com/qutrobotlearning/batchlearning,9
751,https://github.com/Cadene/recipe1m.bootstrap.pytorch,38
752,https://github.com/tikyau/bidaf-quick-test,3
754,https://github.com/tensorflow/tensor2tensor,4326
759,https://github.com/gkahn13/CAPs,5
761,https://github.com/LeonSun0101/CD-SD,4
763,https://github.com/soyers/ddff-pytorch,34
765,https://github.com/matsuren/OctaveConv.pytorch,5
766,https://github.com/LeonSun0101/CD-SD,4
772,https://github.com/VitoRazor/Gan_Architecture,27
773,https://github.com/FilippoMB/Bidirectional-Deep-Echo-State-Network,6
774,https://github.com/ladadidadida/Self-Attention-GAN,63
775,https://github.com/raiben/tropes_open_data,43
776,https://github.com/ArantxaCasanova/fc-drn,3
779,https://github.com/AranKomat/adapinp,6
780,https://github.com/nabsabraham/focal-tversky-unet,14
783,https://github.com/nlpub/watasense,150
785,https://github.com/spinningbytes/deep-mlsa,36
787,https://github.com/IBM/MAX-News-Text-Generator,42
789,https://github.com/yicheng-w/CommonSenseMultiHopQA,4
790,https://github.com/Microsoft/snca.pytorch,10
794,https://github.com/VitoRazor/Gan_Architecture,27
795,https://github.com/tkipf/gae,17
797,https://github.com/zo7/deconvfaces,65
799,https://github.com/vagisha-nidhi/TextSummarizer,25
800,https://github.com/tipt0p/SparseBayesianRNN,15
801,https://github.com/sosuperic/MeanSum,8
802,https://github.com/WuChenshen/MeRGAN,11
804,https://github.com/agoodweathercc/EmbeddingEval,8
807,https://github.com/malllabiisc/lcn,6
808,https://github.com/WuChenshen/MeRGAN,11
809,https://github.com/ppriyank/Deep-neural-network-for-traffic-sign-recognition-systems,21
811,https://github.com/WuChenshen/MeRGAN,11
818,https://github.com/ppocma/ppocma,8
819,https://github.com/sdai654416/Joint-GAN,27
820,https://github.com/mila-udem/myia,466
821,https://github.com/avinashbhat/similarity-item-based,7
822,https://github.com/IAmSuyogJadhav/Brainy,61
824,https://github.com/shashiongithub/XSum,87
825,https://github.com/R-Gaurav/train-delay-estimation,66
826,https://github.com/ahundt/enas,291
827,https://github.com/voidrank/Geo-CNN,2
828,https://github.com/aschein/bptd,23
831,https://github.com/ryant18/StyleTransfer,32
832,https://github.com/artemkomarichev/a-cnn,9
835,https://github.com/SummerHuiZhang/StarGAN_test,13
838,https://github.com/Tencent/tencent-ml-images,156
839,https://github.com/chongkewu/PESC-HPC,25
840,https://github.com/smosanu/acomMNIST,15
842,https://github.com/Jungjaewon/Visual-Relationship-Detection,42
843,https://github.com/wenweixu/keras-yolo3,44
844,https://github.com/SamvitJ/Deep-Person-ReId,307
846,https://github.com/ankit-ai/GAN_breast_mammography_segmentation,23
848,https://github.com/dhungle/L1-L1-RNN,5
849,https://github.com/naver/sqlova,44
850,https://github.com/marcomanciniunitn/Master-Thesis-Project,1
853,https://github.com/lmeulen/PeopleCounter,12
854,https://github.com/arvieFrydenlund/awd-lstm-lm,41
855,https://github.com/brain-research/realistic-ssl-evaluation,30
856,https://github.com/dare0021/MemN2N_Bench,4
857,https://github.com/panji1990/Deep-subspace-clustering-networks,98
858,https://github.com/bajibabu/CycleGAN-VC,2
859,https://github.com/SimoneDutto/EDSR,148
860,https://github.com/SimoneDutto/EDSR,148
861,https://github.com/Stick-To/YOLO-TF,68
862,https://github.com/bclyang/updated-atari-env,18
863,https://github.com/vcg-uvic/lf-net-release,20
864,https://github.com/yochaiz/darts-UNIQ,928
866,https://github.com/ChenRocks/fast_abs_rl,82
867,https://github.com/keshav47/Face-Recognition-And-Verification,8
869,https://github.com/sidneyp/bidirectional,5
871,https://github.com/thunlp/OpenKE,112
873,https://github.com/qinpengzhi/myDCGAN,19
875,https://github.com/LeonSun0101/CD-SD,4
876,https://github.com/paulwarkentin/pytorch-neural-doodle,35
878,https://github.com/feynmanliang/dist-svgd,45
879,https://github.com/AbnerHqC/GaitSet,15
880,https://github.com/xuhongzhi/ParaMA,18
882,https://github.com/mynlp/ccg2lambda,355
884,https://github.com/jiama843/tf-YOLO-pascalVOC,6
885,https://github.com/seasonSH/Probabilistic-Face-Embeddings,21
889,https://github.com/yaowenlong/clique,2
890,https://github.com/tuzhaopeng/LC-NMT,9
892,https://github.com/zhoumingyi/DaST,7
896,https://github.com/ZhangShiyue/QGforQA,7
899,https://github.com/guyrosin/learning-word-relatedness,4
904,https://github.com/rk2900/deep-conv-attr,16
905,https://github.com/JonasRSV/PPO,27
906,https://github.com/StonyBrookNLP/multee,13
907,https://github.com/alexis-jacq/LOLA_DICE,9
909,https://github.com/ghlee0304/NLP-with-tensorflow-pytorch,197
910,https://github.com/ManuelFritsche/vpc,15
911,https://github.com/quark0/darts,71
912,https://github.com/alexis-jacq/LOLA_DICE,9
914,https://github.com/caus-am/aelsem,3
915,https://github.com/trevor-richardson/rnn_zoo,54
916,https://github.com/RobotLocomotion/pytorch-dense-correspondence,927
917,https://github.com/brain-research/mirage-rl,18
919,https://github.com/lyutyuh/acl19_subtagger,32
920,https://github.com/wnhsu/ScalableFHVAE,3
924,https://github.com/lorenzobrusco/ECGNeuralNetwork,33
925,https://github.com/alexandra-chron/siatl,33
927,https://github.com/bzhangGo/rmsnorm,5
928,https://github.com/facebookresearch/MLQA,5
930,https://github.com/tbuikr/3D_DenseSeg,10
931,https://github.com/b-etienne/Seq2seq-PyTorch,6
932,https://github.com/b-etienne/Seq2seq-PyTorch,6
933,https://github.com/got-10k/toolkit,43
934,https://github.com/TorchCraft/StarData,14
936,https://github.com/HRanWang/Spatial-Attention,74
938,https://github.com/frankcgq105/BERTCHEN,34
941,https://github.com/cecilialeiqi/adversarial_text,12
947,https://github.com/ToruOwO/InteractionNetwork-pytorch,12
948,https://github.com/Kev1nZheng/yolov_mask,30
951,https://github.com/mariogeiger/se3cnn,774
954,https://github.com/gongzhitaao/adversarial-text,58
955,https://github.com/ytsvetko/metaphor,54
956,https://github.com/snsun/pit-speech-separation,94
957,https://github.com/iankuoli/DFNet_TF2,32
959,https://github.com/HazyResearch/metal,1870
960,https://github.com/seaweiqing/image2story,32
961,https://github.com/awslabs/adatune,18
962,https://github.com/hedixia/kernel_treelet,40
963,https://github.com/Waino/OpenNMT-py,2512
964,https://github.com/raphaelavalos/attention_tsp_graph_net,14
965,https://github.com/ryokamoi/dcnn_textvae,7
967,https://github.com/scikit-multilearn/scikit-multilearn,487
968,https://github.com/nouhadziri/DialogEntailment,5
969,https://github.com/givasile/R2PCA-python-implementation,3
971,https://github.com/Natsu6767/DCGAN-PyTorch,25
977,https://github.com/DartML/Stein-Variational-Gradient-Descent,45
978,https://github.com/qingzwang/GHA-ImageCaptioning,8
984,https://github.com/seasonyc/densenet,22
990,https://github.com/shleecs/Copy-and-Paste-Networks-for-Deep-Video-Inpainting,23
991,https://github.com/yelantingfeng/pyLucid,24
992,https://github.com/omiksik/dfusion,1
993,https://github.com/josedolz/IVD-Net,24
994,https://github.com/XiafeiYu/CNN_BILSTM_CRF,8
996,https://github.com/thinkingmachines/christmAIs,146
997,https://github.com/researchmm/PEN-Net-for-Inpainting,16
998,https://github.com/tuomaso/SC2LE-implementation,10
999,https://github.com/HRanWang/Spatial-Attention,74
1000,https://github.com/AN313/deformable,37
1003,https://github.com/tfrerix/proxprop,4
1006,https://github.com/tensorflow/tensor2tensor,4326
1007,https://github.com/JULIELab/EmoMap,19
1008,https://github.com/cantaible/tf-faster-rcnn-note,4
1010,https://github.com/lmzintgraf/gp_pref_elicit,8
1013,https://github.com/fxy96/Stock-Selection-a-Framework,71
1014,https://github.com/js3611/Deep-MRI-Reconstruction,16
1018,https://github.com/Breakend/TemporalYolo,43
1020,https://github.com/Philip-Bachman/ICML-2015,3
1022,https://github.com/evanmiltenburg/LabelingPeople,5
1024,https://github.com/faisalml/NucleiSegmentation,24
1026,https://github.com/BarnesLab/Patient2Vec,18
1031,https://github.com/clic-lab/ciff,49
1032,https://github.com/JingqingZ/BaiduTraffic,86
1034,https://github.com/UsmannK/cloud-mmdetection,662
1035,https://github.com/venkai/RBDN,1
1038,https://github.com/harsh19/SPINE,16
1041,https://github.com/cyrusgeyer/DiffPrivate_FedLearning,58
1042,https://github.com/trevor-richardson/rnn_zoo,54
1044,https://github.com/pse-ecn/pose-sensitive-embedding,25
1045,https://github.com/ciads-ut/transfer-learning-ner,21
1047,https://github.com/panji1990/Deep-subspace-clustering-networks,98
1048,https://github.com/B1ueber2y/TrianFlow,7
1050,https://github.com/RomainLaroche/SPIBB,6
1051,https://github.com/mlds-lab/interp-net,33
1052,https://github.com/ruotianluo/self-critical.pytorch,334
1053,https://github.com/YCJGG/GDH,13
1054,https://github.com/lukasruff/Deep-SVDD,4
1055,https://github.com/zliucr/hyperpartisan-news-detection,29
1057,https://github.com/bdhingra/tweet2vec,39
1058,https://github.com/julianser/hed-dlg-truncated,173
1059,https://github.com/bbc/theano-bpr,24
1061,https://github.com/fabiotosi92/LGC-Tensorflow,15
1062,https://github.com/Avmb/code-docstring-corpus,37
1063,https://github.com/Davidnet/TFSegmentation,517
1064,https://github.com/vgsatorras/few-shot-gnn,13
1066,https://github.com/makgyver/pyros,81
1071,https://github.com/JustGlowing/minisom,335
1075,https://github.com/palmagro/gg2vec,115
1076,https://github.com/ArrasL/LRP_for_LSTM,16
1077,https://github.com/ctuning/ck-analytics,449
1081,https://github.com/hantek/SelfAttentiveSentEmbed,9
1083,https://github.com/jnhwkim/ban-vqa,41
1084,https://github.com/rs9000/VisualReasoning_MMnet,31
1085,https://github.com/Chicoryn/green-tea,18
1086,https://github.com/Microsoft/gated-graph-neural-network-samples,60
1088,https://github.com/fizyr/keras-retinanet,1059
1090,https://github.com/xinpingwang/tf-faster-rcnn,9
1091,https://github.com/xinpingwang/tf-faster-rcnn,9
1093,https://github.com/Yc174/monodepth,31
1094,https://github.com/xinpingwang/tf-faster-rcnn,9
1095,https://github.com/xinpingwang/tf-faster-rcnn,9
1097,https://github.com/saikrishna-1996/deep_pepper_chess,429
1098,https://github.com/muramasa8191/DeepLearning,66
1099,https://github.com/vinayakkailas/Face_Recognition,20
1103,https://github.com/panx27/amr-reader,100
1104,https://github.com/OckhamsRazor/HSP_CNN,11
1106,https://github.com/eric-erki/vid2vid,24
1108,https://github.com/ctuning/ck-wa,176
1109,https://github.com/Harshvardhan1/cyclic-learning-schedulers-pytorch,5
1111,https://github.com/kaushalshetty/Structured-Self-Attention,22
1112,https://github.com/albu/albumentations,569
1115,https://github.com/miroblog/AdaptiveAttention,6
1116,https://github.com/x5675602/LSUVinit-keras,17
1118,https://github.com/zhengliz/natural-adversary,13
1119,https://github.com/daxiapazi/faster-rcnn,1
1121,https://github.com/aliaksandrsiarohin/mem-transfer,9
1123,https://github.com/EvanLi/github-most-stars-forks,496
1126,https://github.com/gkotsis/negation-detection,38
1127,https://github.com/KhrulkovV/tt-pytorch,75
1128,https://github.com/MichaelArbel/Scaled-MMD-GAN,155
1129,https://github.com/daxiapazi/faster-rcnn,1
1132,https://github.com/wswu/trabina,16
1134,https://github.com/oadams/persephone,1182
1138,https://github.com/MahdiHajibabaei/unified-embedding,47
1139,https://github.com/UKPLab/coling2018-nonliteral-mtl,1
1141,https://github.com/evanmiltenburg/MeasureDiversity,28
1143,https://github.com/nusnlp/gecmetrics,3
1146,https://github.com/castorini/SimpleDBpediaQA,5
1147,https://github.com/unimelbbionlp/BioNLPST2016,16
1148,https://github.com/schatty/matching-networks-tf,20
1154,https://github.com/sld/convai-bot-1337,224
1155,https://github.com/schatty/matching-networks-tf,20
1156,https://github.com/jefflai108/Contrastive-Predictive-Coding-PyTorch,38
1157,https://github.com/carrierlxk/COSNet,53
1158,https://github.com/gustavla/self-supervision,10
1160,https://github.com/SilentFlame/Named-Entity-Recognition,7
1163,https://github.com/balikasg/topicModelling,16
1164,https://github.com/qq456cvb/PRIN,21
1165,https://github.com/0fengzi0/tacotron,104
1166,https://github.com/cltl/micro-portraits,38
1167,https://github.com/banilo/nips2015,3
1168,https://github.com/norikinishida/won,7
1169,https://github.com/hellrich/coling2016,9
1170,https://github.com/pvougiou/Aligning-Reddit-and-Wikipedia,10
1171,https://github.com/thunlp/OpenQA,19
1172,https://github.com/randaller/cnn-rtlsdr,67
1174,https://github.com/nextbigwhat-ai/sentiment-analysis-pytorch,3
1176,https://github.com/vanzytay/NIPS2018_DECAPROP,10
1177,https://github.com/tombosc/cpae,2
1178,https://github.com/Lees001/FastPhotoStyle,91
1181,https://github.com/sayantanauddy/hierarchical_bipedal_controller,23
1182,https://github.com/sayantanauddy/hierarchical_bipedal_controller,23
1188,https://github.com/bekou/ad_data,40
1189,https://github.com/benedekrozemberczki/karateclub,1382
1191,https://github.com/AniSkywalker/SarcasmDetection,118
1193,https://github.com/hao-cheng/factored_neural,10
1194,https://github.com/ghpaetzold/massalign,71
1197,https://github.com/lizhuorong/Adversarial-Reprogramming-tensorflow,12
1200,https://github.com/ThiagoCF05/webnlg,59
1201,https://github.com/UKPLab/e2e-nlg-challenge-2017,3
1202,https://github.com/impredicative/urltitle,341
1203,https://github.com/duncanka/BECauSE,27
1204,https://github.com/MultiPath/NA-NMT,18
1205,https://github.com/kianoush/Skin_Cancer_CNN,14
1206,https://github.com/openai/iaf,21
1211,https://github.com/giorgiop/loss-correction,19
1213,https://github.com/naldeborgh7575/brain_segmentation,205
1214,https://github.com/pylablanche/gcForest,89
1215,https://github.com/sumitsk/algp,54
1217,https://github.com/nachne/semisuper,168
1219,https://github.com/kchen92/text2shape,8
1220,https://github.com/rayat137/Pose_3D,47
1221,https://github.com/gugarosa/opytimizer,436
1222,https://github.com/adwardlee/multitask-end-to-end-video-captioning,20
1223,https://github.com/d909b/DSMT-Nets,6
1224,https://github.com/kiudee/cs-ranking,596
1226,https://github.com/pln-fing-udelar/false-friends,128
1228,https://github.com/scikit-image/scikit-image,12166
1233,https://github.com/duxy-me/ConvNCF,8
1236,https://github.com/andrewsilva9/ProLoNets,3
1239,https://github.com/ts66395/MaSS,6
1240,https://github.com/baiwenjia/ukbb_cardiac,86
1241,https://github.com/niuchenglei/ssm-dnn,16
1243,https://github.com/mcgillmrl/robot_learning,100
1244,https://github.com/soroushmehr/sampleRNN_ICLR2017,26
1246,https://github.com/susomena/DeepSlowMotion,26
1247,https://github.com/evoml/evoml,35
1249,https://github.com/susomena/DeepSlowMotion,26
1251,https://github.com/microljy/DREN_Tensorflow,10
1254,https://github.com/GiuliaLanzillotta/INAS,55
1256,https://github.com/williamleif/GraphSAGE,59
1259,https://github.com/andreacos/MultiBranch_CNNCopyMove_Disambiguation,15
1260,https://github.com/facebookresearch/reward-estimator-corl,2
1261,https://github.com/mehrhardt/spdhg,7
1262,https://github.com/mynlp/ccg2lambda,355
1264,https://github.com/HzFu/DENet_GlaucomaScreen,8
1265,https://github.com/gitaar9/MLDAGAN,5
1266,https://github.com/HzFu/DENet_GlaucomaScreen,8
1267,https://github.com/Iamal1/maskrcnn-benchmark,138
1268,https://github.com/mtanti/quantifing-visual-information,2
1271,https://github.com/WuChenshen/MeRGAN,11
1279,https://github.com/YanWei123/PointNet-encoder-and-FoldingNet-decoder-add-quantization-change-latent-code-size-from-512-to-1024,2
1281,https://github.com/uoguelph-mlrg/Cutout,36
1283,https://github.com/tesslerc/GAC,5
1284,https://github.com/JustGlowing/minisom,335
1285,https://github.com/shivgahlout/Robust-Classification-with-Convolutional-Prototype-Learning-Pytorch,7
1286,https://github.com/enalisnick/stick-breaking_dgms,11
1288,https://github.com/jiangtaoxie/fast-MPN-COV,71
1291,https://github.com/Lebhoryi/learn_monodepth,7
1292,https://github.com/gpapamak/epsilon_free_inference,9
1293,https://github.com/Ha0Tang/AsymmetricGAN,48
1294,https://github.com/amitz25/PCCoder,7
1296,https://github.com/llSourcell/SQL_Database_Optimization,3
1298,https://github.com/ivan-bilan/tac-self-attention,106
1301,https://github.com/escorciav/roi_pooling,7
1303,https://github.com/monikkinom/ner-lstm,82
1305,https://github.com/LilTwo/DRL-using-PyTorch,18
1306,https://github.com/MaxwellHeller/coffee_fraud_detection,6
1307,https://github.com/scikit-tda/persim,190
1308,https://github.com/mynlp/ccg2lambda,355
1309,https://github.com/simon555/LM_word,73
1310,https://github.com/haozhenWu/Calibrated-Boosting-Forest,536
1313,https://github.com/ayanc/rpgan,2
1314,https://github.com/yiyuezhuo/bayes-torch,12
1317,https://github.com/mahmoudnabil/ASTD,5
1320,https://github.com/eliceio/vocal-style-transfer,36
1321,https://github.com/ferhatkkochan/deeplearning-notes,10
1325,https://github.com/clic-lab/touchdown,19
1326,https://github.com/IBM/HOTT,5
1327,https://github.com/jiesutd/NCRFpp,126
1328,https://github.com/lasigeBioTM/MRA,53
1329,https://github.com/ThibaultGROUEIX/AtlasNet,183
1331,https://github.com/TalSchuster/TokenMasker,11
1336,https://github.com/pmathur5k10/EBDR,13
1337,https://github.com/ysenarath/opinion-lab,20
1338,https://github.com/elitalobo/Hierarchical-RL-Algorithms,53
1340,https://github.com/aetting/compeval-generation-system,6
1341,https://github.com/yanxp/PointNet,9
1342,https://github.com/Deeksha96/Im2Latex,3
1343,https://github.com/AjJordy/Embedded-Object-Detection-with-Deep-Learning,16
1344,https://github.com/mkhodak/pawn,31
1345,https://github.com/marenger/negtool,25
1346,https://github.com/kuc2477/pytorch-vae,4
1347,https://github.com/ShnitzelKiller/generative_inpainting,61
1348,https://github.com/ShnitzelKiller/generative_inpainting,61
1349,https://github.com/puffnjackie/pytorch-super-resolution-implementations,8
1350,https://github.com/ovidiuchile/AEA2019,15
1351,https://github.com/ovidiuchile/AEA2019,15
1356,https://github.com/derekgreene/dynamic-nmf,57
1357,https://github.com/rsennrich/wmt16-scripts,22
1358,https://github.com/twankim/weaksemi,132
1360,https://github.com/kuanghuei/SCAN,14
1361,https://github.com/koustuvsinha/hier-class,1
1362,https://github.com/benedekrozemberczki/karateclub,1382
1363,https://github.com/EpistasisLab/ReBATE,134
1364,https://github.com/yiwang89/fmfn-BayesianOptimization,180
1366,https://github.com/tensorflow/models,4735
1367,https://github.com/helmersl/patent_similarity_search,18
1376,https://github.com/bwallace/JAS,3
1377,https://github.com/hantek/deeplearn_hsi,14
1379,https://github.com/tensorflow/tensor2tensor,4326
1382,https://github.com/evvyy/fine_tuning_VGG16,29
1383,https://github.com/SwordYork/DCNMT,31
1384,https://github.com/liamcli/darts,86
1385,https://github.com/VisualComputingInstitute/towards-reid-tracking,111
1387,https://github.com/ZejianLi/analogical-training,3
1388,https://github.com/nhynes/abc,73
1389,https://github.com/LiDan456/GAN-AD,8
1390,https://github.com/BBloggsbott/k-armed-bandits,10
1391,https://github.com/SeanPLeary/dc_tts-transfer-learning,5
1395,https://github.com/meijieru/AtomNAS,10
1400,https://github.com/bifeng/deep_coding_notes,34
1405,https://github.com/jparkhill/TensorMol,1724
1407,https://github.com/belph/wiki-sem-500,8
1408,https://github.com/Stick-To/YOLO-TF,68
1409,https://github.com/clic-lab/touchdown,19
1410,https://github.com/jstarc/nli_generation,10
1411,https://github.com/liuhu-bigeye/enctc.crnn,29
1412,https://github.com/ElliottYan/DS_Temporal,28
1415,https://github.com/imatge-upc/3D-GAN-superresolution,13
1418,https://github.com/PistonY/ResidualAttentionNetwork,54
1419,https://github.com/vobecant/yolov3_WannaSeeU,540
1422,https://github.com/google-research/adapter-bert,6
1423,https://github.com/Breakend/ReproducibilityInContinuousPolicyGradientMethods,11
1424,https://github.com/Elvirasun28/quora-question-duplicate,4
1427,https://github.com/S-aiueo32/SRRAM,15
1428,https://github.com/vuanhtu1993/Keras-SRGANs,36
1429,https://github.com/erickrf/nlpnet,278
1430,https://github.com/omkarv/pong-from-pixels,13
1433,https://github.com/tonymetger/communicating_scinet,4
1434,https://github.com/gunpowder78/PReMVOS,3
1435,https://github.com/alexerdmann/Herodotos-Project-Latin-NER-Tagger-Annotation,44
1437,https://github.com/dgdelahera/tf-mobile-dcscn,4
1438,https://github.com/arne-cl/discoursegraphs,1092
1441,https://github.com/marcovirgolin/UncertaintyEstimationInDeepNets,8
1442,https://github.com/ithuanhuan/py-fatser-rcnn,323
1443,https://github.com/Ichi-Mark-Kate/Cowboy-StyleGAN-2,1
1444,https://github.com/susomena/DeepSlowMotion,26
1445,https://github.com/chenggongliang/arcface,412
1446,https://github.com/chenggongliang/arcface,412
1449,https://github.com/whyjay/memoryGAN,6
1450,https://github.com/Deeksha96/Im2Latex,3
1452,https://github.com/tuzhaopeng/nmt,9
1453,https://github.com/AKASH2907/bird_species_classification,116
1454,https://github.com/Waino/OpenNMT-py,2512
1455,https://github.com/natdebru/OpenCV-Video-Label,22
1456,https://github.com/lajanugen/S2V,19
1458,https://github.com/VainF/DFAD,35
1459,https://github.com/zijundeng/SRGAN,4
1460,https://github.com/mhw32/antithetic-vae-public,6
1467,https://github.com/chaitjo/learning-paradigms-for-tsp,6
1468,https://github.com/infolab-usc/bdr-tweet,88
1469,https://github.com/Tools4Project/4501Project,53
1470,https://github.com/facebookresearch/WhereDidMyOptimumGo,3
1471,https://github.com/jagielski/manip-ml,6
1473,https://github.com/apozas/rapid,5
1474,https://github.com/nknytk/ml-study,43
1475,https://github.com/ddajing/multilayer-cnn-text-classification,7
1476,https://github.com/cvjena/PartDetectorDisovery,3
1477,https://github.com/philiptheother/FeatureDecoupling,6
1478,https://github.com/Rassibassi/claude,62
1480,https://github.com/vijay120/bert,2
1484,https://github.com/coxlab/tsnet,2
1486,https://github.com/BillFoland/daisyluAMR,30
1487,https://github.com/arthurmensch/modl,400
1489,https://github.com/VegB/Text_Infilling,1619
1490,https://github.com/shanzhenren/AFET,18
1492,https://github.com/nusnlp/contextemb-wsd,10
1493,https://github.com/YuvalBecker/MelNet,24
1494,https://github.com/jasonlaska/spherecluster,159
1495,https://github.com/AnTao97/UnsupervisedPointCloudReconstruction,2
1498,https://github.com/MaZhiyuanBUAA/bert-tf1.4.0,67
1499,https://github.com/abinashsinha330/Air-Pollution-Forecasting-using-Recurrent-Neural-Networks,26
1500,https://github.com/DNNToolBox/Net-Trim-v1,13
1501,https://github.com/AnTao97/UnsupervisedPointCloudReconstruction,2
1502,https://github.com/guohengkai/region-ensemble-network,45
1504,https://github.com/wxiao0421/onlineNPCORR,5
1505,https://github.com/AnTao97/UnsupervisedPointCloudReconstruction,2
1507,https://github.com/huangleiBuaa/IterNorm-pytorch,14
1508,https://github.com/BptBrr/deep_prediction,37
1510,https://github.com/Pie33000/stock-prediction,1
1512,https://github.com/matwilso/relation-networks,21
1514,https://github.com/houseleo/pointnet,51
1516,https://github.com/tensorflow/tensor2tensor,4326
1517,https://github.com/ptrblck/prog_gans_pytorch_inference,15
1520,https://github.com/elitalobo/Hierarchical-RL-Algorithms,53
1522,https://github.com/igfox/multi-output-glucose-forecasting,7
1524,https://github.com/krishnap25/casimir,6
1527,https://github.com/aijianiula0601/ge2eloss-svf,19
1531,https://github.com/kibeomKim/House3D_baseline,41
1532,https://github.com/Jianbo-Lab/CCM,10
1533,https://github.com/anonymousest/DBSN,8
1534,https://github.com/sumanbanerjee1/Code-Mixed-Dialog,18
1535,https://github.com/hitvoice/DrQA,35
1537,https://github.com/aodongli/Learning_from_draft,5
1538,https://github.com/roba91/melody-composer,2
1539,https://github.com/aliyun/alibabacloud-quantization-networks,2
1540,https://github.com/deepinsight/insightface,1217
1542,https://github.com/karlstratos/mention2vec,21
1543,https://github.com/Shuangfei/vgan,11
1547,https://github.com/kozistr/gan-metrics,79
1548,https://github.com/stripathi08/pos_cmism,8
1551,https://github.com/cindyxinyiwang/deep-latent-sequence-model,166
1552,https://github.com/XiaohangZhan/cdp,93
1553,https://github.com/mshahbazi72/visual-question-answering,9
1556,https://github.com/1Konny/FGSM,59
1559,https://github.com/ppocma/ppocma,8
1560,https://github.com/garyzhao/SemGCN,6
1564,https://github.com/marcellacornia/mlnet,32
1567,https://github.com/shashiongithub/XSum,87
1568,https://github.com/amoussawi/recoder,193
1569,https://github.com/DevSinghSachan/multilingual_nmt,170
1570,https://github.com/pydsgz/DeepVOG,65
1578,https://github.com/shakedzy/gin,13
1579,https://github.com/edufonseca/icassp19,31
1580,https://github.com/warnikchow/raws,36
1581,https://github.com/hendrycks/GELUs,13
1582,https://github.com/orbitalinsight/region-aggregation-public,13
1584,https://github.com/OscarcarLi/PrototypeDL,3
1586,https://github.com/mil-tokyo/bc_learning_image,3
1587,https://github.com/ALFA-group/robust-adv-malware-detection,22
1593,https://github.com/Maninder10/face,13
1594,https://github.com/ucuapps/modelicagym,61
1595,https://github.com/tca19/dict2vec,79
1597,https://github.com/thunlp/KernelGAT,35
1598,https://github.com/ivri/DiffVec,21
1605,https://github.com/alwynmathew/monodepth-pytorch,42
1606,https://github.com/LiyuanLucasLiu/LM-LSTM-CRF,85
1607,https://github.com/zh3nis/lstm-syl,14
1610,https://github.com/Maluuba/nlg-eval,62
1611,https://github.com/mackelab/delfi,118
1613,https://github.com/demianbucik/collaborative-filtering-recommender-systems,34
1614,https://github.com/titu1994/Super-Resolution-using-Generative-Adversarial-Networks,82
1615,https://github.com/bdqnghi/hierarchical-programming-language-mapping,16
1618,https://github.com/alexandru-dinu/cae,27
1619,https://github.com/ddkang/advex-uar,6
1621,https://github.com/murdockhou/lightweight_openpose,44
1623,https://github.com/seowok/TreeGAN,22
1624,https://github.com/chenggongliang/arcface,412
1626,https://github.com/seowok/TreeGAN,22
1627,https://github.com/lucianzhong/DDPG_to_drive_in_TORCS,9
1628,https://github.com/0492wzl/tensorflow_slim_densenet,31
1629,https://github.com/imatge-upc/3D-GAN-superresolution,13
1630,https://github.com/endernewton/tf-faster-rcnn,318
1632,https://github.com/LcenArthas/Kaggle-Humpback-Whale-Identification,9
1634,https://github.com/soskek/bookcorpus,42
1637,https://github.com/eduazv/Open-AI-GYN,879
1640,https://github.com/bifeng/deep_coding_notes,34
1641,https://github.com/feidfoe/AdjustBnd4Imbalance,74
1642,https://github.com/EdenBelouadah/class-incremental-learning,83
1645,https://github.com/TeCSAR-UNCC/person-reid,10
1650,https://github.com/bobbyhaliwela/AutoRcCar-Behavioral-Clonning,90
1651,https://github.com/ShaunBarry/wavegan,1
1653,https://github.com/thangvubk/Cascade-RPN,645
1654,https://github.com/MNaplesDevelopment/DCGAN-PyTorch,59
1655,https://github.com/seetaresearch/DragonLair,3
1656,https://github.com/shenshutao/image_segmentation,42
1661,https://github.com/researchmm/2D-TAN,4
1665,https://github.com/kaixiao/PLNN,7
1666,https://github.com/AnTao97/UnsupervisedPointCloudReconstruction,2
1669,https://github.com/laughtervv/DISN,6
1672,https://github.com/xuannianz/FSAF,15
1673,https://github.com/Li-Chengyang/MSDS-RCNN,11
1674,https://github.com/goolulusaurs/WorldModels,10
1675,https://github.com/Ye11ow-Flash/ColorIt,21
1676,https://github.com/apratimbhattacharyya18/seg_pred,5
1677,https://github.com/statisticalplumber/Building_detection,13
1678,https://github.com/yoshino0705/Driver_Behavior_Recognition,21
1680,https://github.com/VitoRazor/Gan_Architecture,27
1684,https://github.com/singhsidhukuldeep/Generative-Adversarial-Network-GAN,6
1686,https://github.com/xinntao/ESRGAN,56
1690,https://github.com/user525/mfgpc,13
1692,https://github.com/KumapowerLIU/CSA-inpainting,16
1694,https://github.com/Sina-Baharlou/Depth-VRD,17
1698,https://github.com/harvardnlp/var-attn,1740
1700,https://github.com/TianjianCai/SNN,94
1701,https://github.com/zysite/post,56
1702,https://github.com/park-project/park,206
1703,https://github.com/Zhaoxiangyun/Multi-Task-Modulation-Module,14
1705,https://github.com/ultmaster/neuralpredictor.pytorch,1
1706,https://github.com/YuvalBahat/Confidence_From_Invariance,40
1707,https://github.com/srmcc/deterministic-ridge-leverage-sampling,25
1709,https://github.com/wangjksjtu/Helmholtz-DL,26
1713,https://github.com/ooooverflow/BiSeNet,30
1714,https://github.com/EricYizhenWang/robust_nn_icml,6
1717,https://github.com/sblayush/summarization,10
1718,https://github.com/ailab-pku/rl-framework,8
1720,https://github.com/fangchangma/sparse-to-dense.pytorch,31
1721,https://github.com/ananyahjha93/challenges-in-disentangling,2
1722,https://github.com/cfwelch/longitudinal_dialog,13
1724,https://github.com/sadeepj/crfasrnn_keras,68
1725,https://github.com/woodywff/brats_2019,31
1726,https://github.com/benevolentAI/guacamol_baselines,17
1727,https://github.com/unsky/focal-loss,42
1732,https://github.com/peteryuX/retinaface-tf2,18
1733,https://github.com/longcw/yolo2-pytorch,64
1735,https://github.com/Microsoft/gated-graph-neural-network-samples,60
1738,https://github.com/yaxingwang/Mix-and-match-networks,82
1739,https://github.com/hugochan/KATE,156
1740,https://github.com/frankcgq105/BERTCHEN,34
1742,https://github.com/surmenok/keras_lr_finder,13
1744,https://github.com/kevinduh/san_mrc,47
1747,https://github.com/liqiang2018/Vehicle_delector,3
1748,https://github.com/mandarjoshi90/triviaqa,14
1749,https://github.com/qinpengzhi/myDCGAN,19
1750,https://github.com/phquang/OnlineDeepLearning,17
1751,https://github.com/SpikeKing/VQA-v2,41
1755,https://github.com/titu1994/Adversarial-Attacks-Time-Series,18
1756,https://github.com/ChengBinJin/ActionViewer,8
1757,https://github.com/wanglimin/ARTNet,19
1760,https://github.com/ShenYujun/HiGAN,11
1761,https://github.com/MASILab/SLANT_brain_seg,63
1763,https://github.com/DRDRD18/balloons,7
1767,https://github.com/zhenxuan00/triple-gan,13
1768,https://github.com/google/youtube-8m,421
1769,https://github.com/DevashishJoshi/Transferring-GANs-FYP,12
1770,https://github.com/zhuyi55/week10,2
1771,https://github.com/jiajunhua/facebookresearch-MUSE,34
1772,https://github.com/volvet/ARCNN,4
1773,https://github.com/audqhsid/-Review-CNN-for-Sentence-Classification,7
1774,https://github.com/hsvgbkhgbv/TACTHMC,78
1775,https://github.com/arturo-garza/NMTLexiconModel,24
1776,https://github.com/chenbys/GradCAM,2
1779,https://github.com/maximecb/gym-minigrid,314
1782,https://github.com/fciannel/bert_fciannel,92
1785,https://github.com/piekey1994/IOM,3
1787,https://github.com/kayuksel/pytorch-ars,56
1788,https://github.com/jefferyYu/WSDM18_codes,10
1789,https://github.com/ahundt/renas,290
1790,https://github.com/YudeWang/UNet-Satellite-Image-Segmentation,12
1791,https://github.com/YudeWang/UNet-Satellite-Image-Segmentation,12
1792,https://github.com/StPauls-Computer-Science/ng-lab-face-recognition,61
1794,https://github.com/weiyangfb/PyTorchSparseGAT,1
1800,https://github.com/aif360-learn/aif360-learn,123
1801,https://github.com/aif360-learn/aif360-learn,123
1803,https://github.com/Ostyk/walk-bot,32
1804,https://github.com/xuzhiqin1990/F-Principle,8
1805,https://github.com/mhjabreel/CharCnn_Keras,43
1806,https://github.com/Tencent/tencent-ml-images,156
1807,https://github.com/mingyip/Rainbow-Reinforcement-Learning-For-Chess-Games,4
1808,https://github.com/soskek/homemade_bookcorpus,42
1809,https://github.com/spideralessio/coconutnut,319
1811,https://github.com/maragraziani/iMIMIC-RCVs,34
1813,https://github.com/pyro-ppl/pyro,2014
1814,https://github.com/JiechaoGuan/FSL-DAPNA,5
1816,https://github.com/King-Of-Knights/overcoming-catastrophic,4
1818,https://github.com/ray-project/ray,4673
1819,https://github.com/EugeneNdiaye/GAPSAFE_SGL,7
1821,https://github.com/Naveenking006/AutoPilot,6
1822,https://github.com/tomMoral/dicod,74
1823,https://github.com/CSAILVision/unifiedparsing,47
1825,https://github.com/idrori/cu-ssp,60
1826,https://github.com/nardeas/MHGAN,27
1829,https://github.com/deepmind/spriteworld,19
1831,https://github.com/zhampel/clusterGAN,25
1832,https://github.com/ctuning/ck-analytics,449
1833,https://github.com/wvangansbeke/Sparse-Depth-Completion,25
1835,https://github.com/wvangansbeke/Sparse-Depth-Completion,25
1838,https://github.com/viebboy/MultilinearCompressiveLearningFramework,2
1839,https://github.com/sattree/gpr_pub,62
1841,https://github.com/lorenzMuller/kernelNet_MovieLens,9
1842,https://github.com/riannevdberg/gc-mc,5
1843,https://github.com/tensorflow/tensor2tensor,4326
1844,https://github.com/JiachuanDENG/CNN-Textual-RegressionModel-for-commodity-price-prediction,11
1847,https://github.com/wittawatj/cadgan,218
1850,https://github.com/XuezheMax/NeuroNLP2,700
1852,https://github.com/julianser/hed-dlg-truncated,173
1854,https://github.com/uwnlp/denspi,248
1856,https://github.com/dair-iitd/kbi,66
1857,https://github.com/sweichwald/MERLiN,68
1858,https://github.com/nmrksic/neural-belief-tracker,7
1859,https://github.com/ShaohuiLin/SSR,7
1860,https://github.com/jayg996/BTC-ISMIR19,14
1862,https://github.com/hassony2/manopth,24
1863,https://github.com/Babylonpartners/fuzzymax,135
1864,https://github.com/hankcs/multi-criteria-cws,12
1865,https://github.com/lht1949/AnomalyDetection,2
1870,https://github.com/jeherr/Elpasolite-Formation-Energy-Predictor,6
1871,https://github.com/hahnicity/ventmode,5
1873,https://github.com/LongguangWang/SOF-VSR,73
1874,https://github.com/kang205/SASRec,1
1875,https://github.com/taki0112/DRIT-Tensorflow,63
1876,https://github.com/harshit17chaudhary/SML_assignment_1,201
1878,https://github.com/a-taniguchi/SpCoSLAM2,27
1879,https://github.com/zhang2010hao/cw2vec-pytorch,12
1880,https://github.com/mayurnewase/Quora-Bert,111
1882,https://github.com/nsom/ssd,88
1883,https://github.com/zhenxuan00/triple-gan,13
1884,https://github.com/alexmlamb/blocks_rl_gru_setup,352
1885,https://github.com/shchur/gnn-benchmark,2
1887,https://github.com/nh2tran/DeepNovo,64
1889,https://github.com/JanhHyun/Speaker_Verification,23
1891,https://github.com/vmonaco/pohmm-keystroke,5
1892,https://github.com/DreadPiratePsyopus/Fine_Grained_Clf,31
1893,https://github.com/palmagro/gg2vec,115
1894,https://github.com/taki0112/Spectral_Normalization-Tensorflow,29
1895,https://github.com/zhuxinqimac/B-CNN,11
1896,https://github.com/seaweiqing/neuraltalk_plus_charcnn,32
1897,https://github.com/jonemeth/aaai20,3
1900,https://github.com/salu133445/musegan,387
1902,https://github.com/Avmb/code-docstring-corpus,37
1903,https://github.com/huanghoujing/EANet,10
1906,https://github.com/tensorflow/tensor2tensor,4326
1910,https://github.com/NVlabs/DG-Net,89
1912,https://github.com/jbaker92/scir,3
1915,https://github.com/suraj-maniyar/Object-Tracking-SSD300,3
1917,https://github.com/zouhanrui/2dunet,48
1918,https://github.com/afansi/multiscalegnn,5
1919,https://github.com/adler-j/learned_gradient_tomography,13
1920,https://github.com/felicienveldema/IR2,35
1921,https://github.com/ANLGBOY/MADE-with-PyTorch,3
1922,https://github.com/ahangchen/rank-reid,67
1924,https://github.com/hkaggarwal/modl,31
1926,https://github.com/0492wzl/tensorflow_slim_densenet,31
1930,https://github.com/AirBernard/DenseNet-by-Pytorch,3
1933,https://github.com/facebookresearch/qhoptim,24
1935,https://github.com/locuslab/fast_adversarial,16
1936,https://github.com/a1600012888/YOPO-You-Only-Propagate-Once,42
1938,https://github.com/facebookresearch/MUSE,50
1939,https://github.com/facebookresearch/MUSE,50
1940,https://github.com/sblayush/summarization,10
1942,https://github.com/pierreablin/picard,219
1943,https://github.com/fciannel/bert_fciannel,92
1947,https://github.com/alexerdmann/Herodotos-Project-Latin-NER-Tagger-Annotation,44
1948,https://github.com/zgongkuang/IterativeCNN,50
1949,https://github.com/eladhoffer/quantized.pytorch,49
1950,https://github.com/nikste/crypto-defense,21
1951,https://github.com/PiyKat/Grammar-Checker,3
1952,https://github.com/buriburisuri/ebgan,11
1953,https://github.com/brain-research/mirage-rl,18
1954,https://github.com/yhlleo/TriangleGAN,89
1955,https://github.com/omidnezami/Engagement-Recognition,41
1956,https://github.com/gitliber/Basic_self_driving_car,13
1958,https://github.com/gudovskiy/ShiftCNN,4
1959,https://github.com/rddy/ReQueST,2
1960,https://github.com/jiafengkevinchen/binscatterplot,9
1962,https://github.com/CZHQuality/Sal-CFS-GAN,115
1964,https://github.com/VinceFior/major-system,40
1965,https://github.com/uber-common/deep-neuroevolution,38
1967,https://github.com/liqiang2018/Vehicle_delector,3
1968,https://github.com/taki0112/UNIT-Tensorflow,92
1972,https://github.com/Olloxan/Pytorch-A2C,22
1974,https://github.com/kunimasa-kawasaki/keras-prednet,7
1975,https://github.com/stevehjc/pose-ae-demo-tf,11
1977,https://github.com/philipperemy/mode-normalization,43
1978,https://github.com/CrossEntropy/Gesture-images-recognition-ResidualNetwork,28
1980,https://github.com/Shumway82/CycleGAN,10
1981,https://github.com/ajbrock/FreezeOut,4
1982,https://github.com/srihari-humbarwadi/ENet-A-Deep-Neural-Network-Architecture-for-Real-Time-Semantic-Segmentation,4
1983,https://github.com/Plrbear/biomedical-image-segmentation,32
1985,https://github.com/CuriousAI/ladder,22
1986,https://github.com/zhuxyme/zxySRFBN_CVPR2019,2
1987,https://github.com/tkipf/gae,17
1989,https://github.com/taki0112/DRIT-Tensorflow,63
1990,https://github.com/rednotion/parallel_esn_web,77
1991,https://github.com/taki0112/MUNIT-Tensorflow,47
1992,https://github.com/ignacio-rocco/cnngeometric_pytorch,63
1993,https://github.com/cair/regression-tsetlin-machine,23
1994,https://github.com/LeonSun0101/CD-SD,4
1995,https://github.com/cair/regression-tsetlin-machine,23
1996,https://github.com/NoaCahan/WavenetAutoEncoder,5
1997,https://github.com/shiyemin/shuttlenet,12
1998,https://github.com/chenggongliang/arcface,412
1999,https://github.com/darkonhub/darkon,33
2000,https://github.com/MiuLab/KB-InfoBot,8
2002,https://github.com/einavyog/my-incremental-learning,15
2004,https://github.com/minhnhat93/tf-SNDCGAN,16
2005,https://github.com/feifengwhu/question_attention,22
2007,https://github.com/ajbrock/Neural-Photo-Editor,25
2008,https://github.com/llSourcell/SQL_Database_Optimization,3
2009,https://github.com/scut-aitcm/CompetitiveSENet,42
2011,https://github.com/fanyun-sun/vGraph,5
2012,https://github.com/WindQAQ/listen-attend-and-spell,29
2013,https://github.com/bgris/odl,3924
2016,https://github.com/MIDA-group/OralScreen,9
2017,https://github.com/shamafiras/AFL,17
2019,https://github.com/rakshithShetty/captionGAN,5
2020,https://github.com/isheunesutembo/TB-Computer-Aided-Diagnosis-Using-Deep-Learning,6
2023,https://github.com/spitis/objective_social_choice,1
2024,https://github.com/Lw510107/pointnet-2018.6.27-,40
2028,https://github.com/arvieFrydenlund/awd-lstm-lm,41
2029,https://github.com/junfenglx/reasoning_attention,23
2032,https://github.com/princewang1994/TextSnake.pytorch,43
2034,https://github.com/tum-vision/learn_prox_ops,25
2035,https://github.com/MaZhiyuanBUAA/bert-tf1.4.0,67
2038,https://github.com/yanqi1811/attention-is-all-you-need,92
2039,https://github.com/hikaruya8/lstm_model_py,7
2041,https://github.com/hgstudent/centerNet,53
2042,https://github.com/cuguilke/microexpnet,72
2043,https://github.com/yuzhimanhua/lm-lstm-crf,87
2045,https://github.com/littleflow3r/Sequence_to_sequence_learning_for_machine_translation,17
2046,https://github.com/wxfsd/C-SGEN,1
2047,https://github.com/hamed-zamani/snrm,9
2049,https://github.com/catherinekerr/ip-ensemble,13
2051,https://github.com/huangleiBuaa/IterNorm-pytorch,14
2054,https://github.com/sanjeevmk/Tags2Parts,18
2057,https://github.com/alisiahkoohi/NN-augmented-wave-sim,29
2059,https://github.com/ypotdevin/randomized-defenses,13
2060,https://github.com/sremes/nssm-gp,6
2065,https://github.com/kuanzi/Bayesian_quant,6
2066,https://github.com/jxz542189/dmn_plus,2
2067,https://github.com/hsvgbkhgbv/Thermostat-assisted-continuously-tempered-Hamiltonian-Monte-Carlo-for-Bayesian-learning,78
2069,https://github.com/gsp-27/pytorch_Squeezenet,22
2070,https://github.com/raeidsaqur/CapsGAN,31
2071,https://github.com/jayheo/UA,13
2072,https://github.com/thunlp/TensorFlow-Summarization,40
2075,https://github.com/YudeWang/UNet-Satellite-Image-Segmentation,12
2076,https://github.com/baldandbrave/RecSysCOEN6313,100
2081,https://github.com/danedmiston/morphology_classifiers,14
2082,https://github.com/poier/PreView,17
2083,https://github.com/nohboogy/gym,8
2084,https://github.com/sidneyp/bidirectional,5
2085,https://github.com/Lxrd-AJ/Advanced_ML,85
2086,https://github.com/TimSalimans/weight_norm,3
2088,https://github.com/dragen1860/MAML-Pytorch,39
2089,https://github.com/sufengniu/segan_multi,2
2090,https://github.com/AlbertChen1991/nEM,60
2091,https://github.com/chuk-yong/ELU-vs-ReLU-for-Image-Recognition,3
2093,https://github.com/enalisnick/stick-breaking_dgms,11
2096,https://github.com/neshitov/UNet,20
2098,https://github.com/CocoJam/Beta_VAE,6
2100,https://github.com/mishajw/vocab_pie,13
2104,https://github.com/zym1119/MobileNetV2_pytorch_cifar,8
2105,https://github.com/thjashin/spectral-stein-grad,6
2106,https://github.com/mariogeiger/se3cnn,774
2107,https://github.com/TheAbhiKumar/tensorflow-value-iteration-networks,12
2114,https://github.com/svakulenk0/semantic_coherence,455
2115,https://github.com/altosaar/proximity_vi,17
2117,https://github.com/ashual/scene_generation,12
2118,https://github.com/asadovsky/nn,91
2119,https://github.com/joelmoniz/DepthNets,146
2120,https://github.com/ermongroup/ssdkl,4
2121,https://github.com/rizar/attention-lvcsr,945
2123,https://github.com/PetarV-/DGI,6
2124,https://github.com/bowenc0221/Decoupled-Classification-Refinement,15
2125,https://github.com/butnaruandrei/MOROCO,12
2126,https://github.com/carrenD/Med-CMDA,110
2128,https://github.com/tensorflow/models,4735
2129,https://github.com/vered1986/LexNET,33
2130,https://github.com/ifp-uiuc/anna,254
2131,https://github.com/rdevooght/sequence-based-recommendations,20
2132,https://github.com/knazeri/edge-informed-sisr,3
2135,https://github.com/jxz542189/dmn_plus,2
2136,https://github.com/qilei123/DeformableConvV2,466
2138,https://github.com/HumanCompatibleAI/adversarial-policies,464
2142,https://github.com/ajinkyakhoche/Object-Detection-Project,43
2143,https://github.com/ArrasL/LRP_for_LSTM,16
2149,https://github.com/MinyeLee/Question-Generation-Pytorch,20
2150,https://github.com/ml-cs385/helloworld,54
2151,https://github.com/jacobpeplinskiV2/pylearn2,1
2154,https://github.com/kyzhouhzau/CCLNER,1
2155,https://github.com/threelittlemonkeys/text-cnn-pytorch,99
2156,https://github.com/SchafferZhang/DADA,9
2158,https://github.com/swordgeek/SR,29
2159,https://github.com/guohengkai/region-ensemble-network,45
2161,https://github.com/raghavchalapathy/dnr,24
2165,https://github.com/rfeinman/detecting-adversarial-samples,48
2167,https://github.com/PrateekMunjal/Alpha_GAN,6
2168,https://github.com/lzx6/deep-coral,6
2171,https://github.com/fshamshirdar/pytorch-rdpg,17
2173,https://github.com/tum-vision/learn_prox_ops,25
2174,https://github.com/optimass/Maximally_Interfered_Retrieval,20
2175,https://github.com/ChanningPing/Fashion_Attribute_Editing,19
2176,https://github.com/vladfi1/universe-starter-agent,123
2182,https://github.com/matinhosseiny/Inception-inspired-LSTM-for-Video-frame-Prediction,4
2183,https://github.com/okankop/MFF-pytorch,23
2184,https://github.com/pdway53/GAN_Food_image_impair,20
2185,https://github.com/mattriemer/mer,15
2186,https://github.com/Maymaher/StackGANv2,21
2187,https://github.com/classner/generating_people,6
2188,https://github.com/bai-shang/crnn_ctc_ocr.Tensorflow,31
2189,https://github.com/SLAD-ml/few-shot-ood,4
2190,https://github.com/thomlake/pytorch-attention,12
2191,https://github.com/songhe17/pythia-clone,19
2192,https://github.com/Maymaher/StackGANv2,21
2194,https://github.com/Saurav0074/nmt-based-word-transduction,8
2195,https://github.com/Maymaher/StackGANv2,21
2196,https://github.com/microsoft/MASS,134
2197,https://github.com/sunil-rival/insightface,380
2198,https://github.com/KaiyangZhou/vsumm-reinforce,35
2199,https://github.com/xiaomi-automl/FairNAS,13
2200,https://github.com/yardstick17/AspectBasedSentimentAnalysis,41
2201,https://github.com/bchidamb/RL-Image-Classification,10
2203,https://github.com/GitHubXlong/TecoGAN,21
2205,https://github.com/Ling-Bao/mscnn,14
2206,https://github.com/SulemanKhurram/ThesisExperiments,1
2207,https://github.com/sagieppel/Classification-of-the-material-given-region-of-an-image-using-a-convolutional-neural-net-with-attent,22
2209,https://github.com/nbansal90/Can-we-Gain-More-from-Orthogonality,84
2210,https://github.com/uoguelph-mlrg/theano_alexnet,30
2211,https://github.com/moremnas/MoreMNAS,3
2213,https://github.com/sblayush/Tensorflow-Attention,10
2218,https://github.com/ifestus/rl,85
2219,https://github.com/TuSimple/neuron-selectivity-transfer,11
2222,https://github.com/WeiHan3/dsrn,1
2223,https://github.com/cagatayyildiz/ODE2VAE,41
2224,https://github.com/SophiaYuSophiaYu/FCN_SemanticSegmentation,9
2225,https://github.com/sharpstill/MetaAdvDet,16
2226,https://github.com/MarcelRobeer/ContrastiveExplanation,43
2230,https://github.com/ryoasu/grad-cam,30
2233,https://github.com/IBM/SIC,23
2234,https://github.com/charan223/Brain-Tumor-Segmentation-using-Topological-Loss,13
2236,https://github.com/wuzhen247/HUAPA,22
2237,https://github.com/DianaSHV/lemniscate_edit,20
2239,https://github.com/jiacheng-xu/neu-compression-sum,5
2240,https://github.com/gusdnd852/ResNeXt-Parallel-Keras,14
2242,https://github.com/asadovsky/nn,91
2244,https://github.com/BorealisAI/cross_domain_coherence,2
2248,https://github.com/BirdVox/birdvoxdetect,548
2251,https://github.com/yongqyu/TCN,11
2252,https://github.com/nav74neet/gail-tf-gym,62
2253,https://github.com/DAI-Lab/SteganoGAN,166
2255,https://github.com/Lxrd-AJ/Advanced_ML,85
2259,https://github.com/nusnlp/amanda,7
2260,https://github.com/amitz25/PCCoder,7
2261,https://github.com/Wuziyi616/CFUN,16
2262,https://github.com/tristandeleu/ntm-one-shot,37
2263,https://github.com/Lxrd-AJ/Advanced_ML,85
2267,https://github.com/itsuki8914/wgan-gp-TensorFlow,25
2272,https://github.com/msultan/vde_metadynamics,8
2275,https://github.com/jaywonchung/BERT4Rec-VAE-Pytorch,27
2278,https://github.com/jaywonchung/BERT4Rec-VAE-Pytorch,27
2280,https://github.com/brightmart/bert_customized,10
2282,https://github.com/xavysp/DexiNed,130
2283,https://github.com/ANLGBOY/RealNVP-with-PyTorch,8
2285,https://github.com/hongyi-zhang/Fixup,13
2286,https://github.com/vinliao/object-detection-python,24
2287,https://github.com/chrisdonahue/wavegan,89
2291,https://github.com/shenshutao/image_segmentation,42
2292,https://github.com/Saner3/pytorch-transformers-comet,1345
2294,https://github.com/larq/larq,433
2295,https://github.com/beckdaniel/acl2018_graph2seq,14
2296,https://github.com/Leavingseason/OpenLearning4DeepRecsys,44
2297,https://github.com/fciannel/bert_fciannel,92
2298,https://github.com/circlePi/BERT_Chinese_Text_Class_By_pytorch,22
2299,https://github.com/viibridges/crossnet,7
2300,https://github.com/dvornikita/blitznet,26
2301,https://github.com/AFAgarap/cnn-svm,98
2304,https://github.com/viibridges/crossnet,7
2305,https://github.com/eliceio/vocal-style-transfer,36
2306,https://github.com/KamitaniLab/DeepImageReconstruction,40
2310,https://github.com/lessw2020/LightRelu,9
2311,https://github.com/PengchengAi/tf-faster-rcnn-pcai,2
2312,https://github.com/cnap/gec-ranking,13
2316,https://github.com/wiseodd/controlled-text-generation,40
2319,https://github.com/jmhessel/multi-retrieval,82
2320,https://github.com/kristpapadopoulos/keras-stochastic-weight-averaging,6
2321,https://github.com/lmn-extracts/dcn_plus,1
2322,https://github.com/jgcbrouns/Introducing-Sparsity-in-the-Transformer,24
2324,https://github.com/mseitzer/pytorch-fid,23
2327,https://github.com/horovod/horovod,604
2330,https://github.com/dafanghe/Tensorflow_SceneText_Oriented_Box_Predictor,18
2331,https://github.com/adith387/slates_semisynth_expts,3
2332,https://github.com/alrojo/lasagne_residual_network,68
2333,https://github.com/imatge-upc/detection-2016-nipsws,110
2334,https://github.com/tensorflow/tensor2tensor,4326
2336,https://github.com/nicola-decao/s-vae,21
2337,https://github.com/HCIILAB/DeRPN,34
2338,https://github.com/antoinecollas/transformer_neural_machine_translation,101
2339,https://github.com/malllabiisc/AD3,13
2345,https://github.com/Maluuba/mctest-model,15
2346,https://github.com/chen-xiong-yi/OwnBERT,85
2349,https://github.com/chitwansaharia/HACAModel,11
2351,https://github.com/karfly/learnable-triangulation-pytorch,15
2354,https://github.com/Networks-Learning/hdhp.py,15
2357,https://github.com/thmoa/semantic_human_texture_stitching,3
2359,https://github.com/alinlab/Confident_classifier,20
2360,https://github.com/akar43/lsm,43
2363,https://github.com/Vachik-Dave/Neural-Brane-Neural-Bayesian-Personalized-Ranking-for-Attributed-Network-Embedding,14
2364,https://github.com/tensorly/tensorly,590
2365,https://github.com/NLPrinceton/ALaCarte,24
2367,https://github.com/kavosh8/Lip,6
2368,https://github.com/ptschandl/HAM10000_dataset,7
2369,https://github.com/ruotianluo/DiscCaptioning,62
2373,https://github.com/rsennrich/wmt16-scripts,22
2374,https://github.com/matenure/FastGCN,14
2375,https://github.com/YadiraF/PRNet,69
2376,https://github.com/tshizys/CoupleNet,26
2378,https://github.com/yikang-li/MSDN,19
2381,https://github.com/antoine77340/LOUPE,23
2383,https://github.com/hechtlinger/graph_cnn,9
2386,https://github.com/rasmusbergpalm/e2e-ie-release,1
2388,https://github.com/datquocnguyen/jPTDP,29
2389,https://github.com/Tixierae/WECD,18
2392,https://github.com/OriShapira/LitePyramids,2
2393,https://github.com/tonywu95/eval_gen,11
2395,https://github.com/vdopp234/Text2Image,24
2396,https://github.com/MyWorkShop/Convolutional-Neural-Networks-in-Convolution,84
2397,https://github.com/NieXC/pytorch-ppn,47
2399,https://github.com/alex98chen/testGAN,15
2400,https://github.com/markvdw/GParML,60
2402,https://github.com/LeeMax117/FCN_8s,7
2403,https://github.com/zysite/post,56
2406,https://github.com/deepinsight/insightface,1217
2408,https://github.com/pouyapez/GRR-Matrix-Factorization,10
2409,https://github.com/karlstratos/mention2vec,21
2411,https://github.com/doinab/DTN-security,6
2413,https://github.com/uclmr/numerate-language-models,4
2414,https://github.com/mjiUST/SurfaceNet,50
2415,https://github.com/Networks-Learning/discussion-complexity,122
2416,https://github.com/blackecho/LoAd-Network,12
2417,https://github.com/JULIELab/EmoMap,19
2423,https://github.com/Wenxuan-Zhou/EPI,5
2425,https://github.com/jjbouza/manifold-net,13
2431,https://github.com/inejc/paragraph-vectors,49
2435,https://github.com/ananyahjha93/disentangling-factors-of-variation-using-adversarial-training,3
2436,https://github.com/ananyahjha93/disentangling-factors-of-variation-using-adversarial-training,3
2437,https://github.com/freedombenLiu/gandissect,20
2438,https://github.com/freedombenLiu/FastPhotoStyle,91
2440,https://github.com/felixriese/hyperspectral-processing,19
2443,https://github.com/Latope2-150/Progressive_Growing_of_GANs-PyTorch,29
2445,https://github.com/UKPLab/emnlp2017-relation-extraction,50
2447,https://github.com/JanhHyun/Speaker_Verification,23
2448,https://github.com/val-iisc/gd-uap,46
2450,https://github.com/saintazunya/DehazeNet,3
2452,https://github.com/LouieYang/stroke-controllable-fast-style-transfer,26
2455,https://github.com/kushalchauhan98/dynamic-meta-embeddings,4
2456,https://github.com/Singularity42/cap2vid,4
2457,https://github.com/cristiprg/wavegan-fork,96
2458,https://github.com/PkuRainBow/OCNet,126
2459,https://github.com/ketyi/2SRNN,8
2460,https://github.com/openai/pixel-cnn,69
2461,https://github.com/philipperemy/tensorflow-phased-lstm,65
2463,https://github.com/tyxr/bert,85
2464,https://github.com/freddieee/pn_6d_single,25
2466,https://github.com/woodrush/neural-art-tf,7
2469,https://github.com/citiususc/construe,141
2470,https://github.com/HazyResearch/metal,1870
2471,https://github.com/xdever/RFCN-tensorflow,29
2473,https://github.com/bclyang/updated-atari-env,18
2474,https://github.com/adler-j/bwgan,10
2475,https://github.com/vponcelo/CondenseNet,15
2479,https://github.com/BardOfCodes/Seg-Unravel,9
2481,https://github.com/AFAgarap/cnn-svm,98
