a_name,loaded_in,io,lineno
,models.py,w,74
data/ohsumed_shuffle.txt,visualize.py,,7
data/ohsumed_doc_vectors_1.txt,visualize.py,,11
data/own.txt,prepare_data.py,,18
data/corpus/own.txt,prepare_data.py,,24
,build_graph.py,,507
,build_graph.py,,511
,build_graph.py,,515
,build_graph.py,,519
,build_graph.py,,523
,build_graph.py,,527
,build_graph.py,,531
data/ohsumed_word_vectors_1.txt,visualize_words.py,,6
data/mr_pvdm_200.vec,doc2vec.py,,14
data/mr.txt,doc2vec.py,,20
data/20ng.txt,build_corpus.py,,7
data/corpus/20ng.txt,build_corpus.py,,23
data/20ng.txt,bow.py,,23
data/corpus/20ng.clean.txt,bow.py,,34
data/20ng.train.index,bow.py,,49
data/corpus/ohsumed_vocab.txt,wordnet.py,,15
data/corpus/ohsumed_vocab_def.txt,wordnet.py,,36
data/corpus/ohsumed_word_vectors.txt,wordnet.py,,59
,utils.py,,48
,utils.py,,141
